Student Name,Math Score,Science Score,English Score,Filipino Score,Pass/Fail
Jessica Johnson,36,60,41,22,0
Sandra Martin,23,22,33,61,0
Emily Hall,44,44,51,55,0
Thomas Wright,49,58,26,41,0
Mark Phillips,97,80,52,50,0
Lisa Walker,20,74,74,11,0
Thomas Carter,40,16,99,58,0
Ryan King,95,35,83,1,0
Chris Green,51,0,97,52,0
Barbara Lewis,25,72,5,40,0
Deborah Mitchell,99,23,86,58,0
Megan Williams,83,30,14,7,0
Megan Harris,89,42,2,94,0
Charles White,86,88,95,87,1
John Scott,69,84,35,68,0
Jessica Phillips,93,13,54,93,0
Kimberly White,51,4,82,89,0
Joshua White,24,86,86,49,0
Joseph Rodriguez,75,18,8,52,0
Kimberly Brown,10,50,53,90,0
Jacob Robinson,85,8,38,77,0
Amy Clark,75,75,64,29,0
Nicholas Adams,11,51,42,92,0
Jacob King,74,76,70,64,1
Charles Evans,66,11,27,66,0
Sarah Carter,41,27,70,13,0
Anna Nelson,77,86,53,14,0
Dorothy Garcia,34,66,99,56,0
Kimberly Lee,81,60,34,12,0
Shirley Mitchell,39,2,87,55,0
Matthew Smith,40,45,52,57,0
Emily Nelson,74,78,23,9,0
Andrew Moore,56,74,14,65,0
Laura Anderson,35,12,89,2,0
James Smith,48,61,56,76,0
Shirley Moore,50,25,44,71,0
William Green,71,12,48,12,0
Mark Roberts,26,23,55,36,0
Anthony Roberts,17,73,51,83,0
Andrew Young,0,98,72,71,0
Ashley Martinez,78,68,94,61,1
Daniel Gomez,30,73,95,29,0
Karen Thompson,44,44,56,59,0
Daniel Walker,3,20,28,67,0
Nancy Flores,91,100,70,61,1
Helen Torres,11,25,37,47,0
Lisa Phillips,90,7,66,4,0
Jessica Rodriguez,93,9,73,29,0
Brian Carter,43,40,75,63,0
Barbara Hall,57,85,32,40,0
Amy Phillips,44,86,74,83,0
Laura Anderson,54,72,73,50,0
Deborah Moore,62,5,6,17,0
Joseph Lewis,43,84,10,8,0
Helen Smith,66,60,80,18,0
Daniel Scott,4,100,57,5,0
Emily Roberts,43,69,68,94,0
Sandra Martinez,8,34,8,41,0
Chris Rivera,95,57,91,22,0
Linda Hill,59,62,32,4,0
Amy Wright,44,70,39,16,0
James Taylor,42,33,40,24,0
Joshua Gomez,47,93,19,28,0
Emily Lewis,18,93,23,47,0
Daniel Baker,92,64,65,42,0
William Rivera,47,65,69,50,0
Ryan Wright,94,44,38,45,0
Laura Rivera,35,91,55,42,0
Jessica Brown,16,27,94,47,0
Mark Thompson,100,98,12,65,0
Ruth Adams,21,81,56,35,0
Amy Wright,87,86,34,33,0
Joseph Miller,32,29,25,100,0
John Torres,43,63,80,42,0
Daniel Garcia,0,21,84,71,0
Ashley Anderson,25,2,29,62,0
Sarah Walker,96,36,79,82,0
Dorothy Davis,32,34,36,13,0
Laura Wright,85,30,59,58,0
Anna Allen,58,53,67,72,0
Edward Rodriguez,29,18,56,74,0
Andrew Harris,100,83,15,81,0
Barbara Lee,47,48,24,77,0
Lisa Thompson,39,65,14,63,0
Shirley Clark,43,50,61,0,0
Kimberly Williams,97,26,85,28,0
Nancy Clark,98,61,96,14,0
Ryan Garcia,17,2,31,9,0
Linda Thompson,67,12,19,42,0
Ashley Baker,25,60,22,9,0
Michael Wright,48,75,93,3,0
Mark Evans,53,49,76,89,0
Jacob Johnson,13,85,1,68,0
Charles Robinson,17,5,68,87,0
Joshua Clark,66,72,59,7,0
Chris Nguyen,82,70,65,74,1
Anna Martin,84,32,72,59,0
Shirley Scott,50,69,66,30,0
Robert Walker,36,77,28,25,0
Mark Johnson,58,77,94,93,0
Mark King,90,83,32,5,0
Megan Carter,9,46,6,59,0
James Baker,54,68,86,52,0
Sandra Baker,55,18,8,35,0
Barbara Hall,92,66,38,63,0
William Moore,75,57,32,82,0
Dorothy Green,22,10,69,52,0
Chris Lewis,100,7,86,11,0
Jane Evans,24,45,94,81,0
Jessica White,40,76,92,96,0
Jacob Martin,62,11,9,67,0
Ryan Johnson,31,3,75,18,0
Laura Johnson,81,78,4,75,0
William Williams,30,5,64,0,0
Mary Evans,48,44,13,42,0
Daniel Hall,84,90,40,87,0
Andrew Walker,63,2,1,34,0
Kevin Adams,4,99,2,96,0
Lisa Miller,58,43,0,68,0
Linda Evans,100,77,74,22,0
Edward Evans,51,18,47,40,0
Ashley Brown,68,43,77,49,0
Laura Young,87,50,2,81,0
Helen Adams,16,25,1,44,0
Jessica Hill,9,35,50,76,0
Deborah Martinez,33,55,20,84,0
Joshua Johnson,52,93,81,80,0
Emily Campbell,24,82,86,40,0
Jane Scott,91,84,20,87,0
Laura Jones,28,5,29,90,0
Dorothy Hall,52,81,21,30,0
Linda Evans,73,71,45,66,0
Joseph Moore,55,56,39,19,0
Thomas Moore,13,47,93,35,0
Ryan Hernandez,76,42,52,70,0
Thomas Hill,91,39,85,2,0
Robert White,100,71,43,99,0
John Nguyen,12,11,55,73,0
Michael Nguyen,29,49,11,25,0
Mark Martin,24,66,74,10,0
Dorothy Robinson,14,32,82,29,0
Laura Mitchell,23,18,72,90,0
James Williams,0,5,97,81,0
Mary Lewis,32,69,6,26,0
Sarah Green,27,72,31,6,0
Dorothy Adams,47,63,14,54,0
Ruth Allen,0,7,12,53,0
Sarah Rodriguez,75,47,76,98,0
John Scott,19,88,31,84,0
Betty Green,23,52,35,41,0
Laura Anderson,26,45,92,40,0
Linda Roberts,40,68,44,82,0
Karen Roberts,55,12,97,56,0
Joshua Carter,57,31,7,8,0
Emily Lewis,71,8,49,51,0
David Garcia,97,48,99,90,0
Megan Hernandez,93,12,97,48,0
Lisa Mitchell,77,28,77,88,0
Kimberly Jackson,78,53,94,53,0
Ruth Thompson,87,56,17,56,0
Mark Lewis,47,91,66,0,0
Thomas Gomez,54,75,23,90,0
Kevin King,61,14,34,95,0
Mark Walker,88,53,12,57,0
David Phillips,8,92,91,100,0
Nicholas Brown,25,2,22,88,0
Barbara Baker,98,21,76,85,0
John Allen,77,8,100,46,0
William Mitchell,22,78,3,24,0
John Phillips,78,84,43,76,0
Deborah Clark,32,82,30,5,0
Thomas Green,84,15,81,30,0
Anna Hill,61,24,61,69,0
Anna Thompson,68,62,69,65,1
Sandra Martin,59,91,41,12,0
Dorothy Wilson,38,13,5,14,0
David Evans,88,93,47,57,0
Megan Smith,68,69,9,45,0
Robert Williams,21,69,100,52,0
Sandra Clark,42,62,90,48,0
Dorothy Clark,3,17,65,79,0
Barbara Clark,74,58,50,49,0
Nancy Lee,64,43,69,77,0
Ryan Johnson,39,64,72,91,0
Ruth Taylor,84,88,8,26,0
Anthony Gomez,4,86,12,70,0
Brian Thompson,72,61,21,66,0
Nicholas Wilson,24,61,87,68,0
Anna Nelson,17,55,37,84,0
Chris Lee,40,14,92,90,0
Chris Nguyen,8,26,47,94,0
Anna Carter,84,56,32,6,0
Anna Young,45,99,14,2,0
Helen Williams,85,42,80,47,0
Helen Johnson,78,95,96,87,1
Patricia Miller,17,96,68,2,0
Linda Rodriguez,48,20,17,74,0
Edward Wright,8,4,93,7,0
Chris Rivera,85,17,78,25,0
Jacob Jones,58,28,60,82,0
Karen Davis,52,39,28,95,0
Anna Wright,40,12,55,78,0
Nancy Mitchell,58,99,29,70,0
Daniel Williams,85,14,29,34,0
Karen Lewis,91,20,76,24,0
Ronald Hernandez,61,29,92,24,0
Chris Hall,1,9,66,29,0
Chris White,29,33,44,87,0
Sarah Rivera,2,10,6,57,0
Joseph Anderson,44,96,81,54,0
Jessica Nguyen,25,50,2,33,0
Patricia Young,40,1,14,47,0
Edward Torres,73,31,39,77,0
Ronald Torres,38,38,34,18,0
Laura Thomas,92,26,11,26,0
George Moore,96,2,21,80,0
Andrew Phillips,3,11,47,16,0
Ashley King,28,37,79,50,0
James Roberts,90,75,26,83,0
Amy Garcia,12,88,65,51,0
Thomas Phillips,27,13,0,56,0
Thomas Hill,4,42,37,87,0
Lisa Nelson,57,29,68,15,0
Ronald Hall,37,34,20,69,0
Barbara Phillips,62,7,93,24,0
William Hill,94,41,59,43,0
Mark Hall,33,41,11,16,0
Ruth Walker,100,7,21,13,0
Helen Williams,72,33,35,69,0
Joseph Robinson,14,30,91,78,0
Anna Hernandez,17,23,27,45,0
Amy Williams,81,88,46,33,0
Brian Rivera,45,21,67,69,0
Daniel Campbell,99,90,73,69,1
Andrew Harris,90,94,30,14,0
Sandra Brown,72,36,35,61,0
Lisa Hall,60,48,22,59,0
Nancy Walker,14,85,76,19,0
Anna Wright,48,67,5,11,0
Jessica Carter,77,44,78,12,0
Laura Williams,12,23,27,71,0
Deborah Torres,12,30,79,44,0
Lisa Wright,40,57,39,90,0
Deborah Roberts,41,76,14,65,0
Jane Adams,37,51,75,65,0
Brian Clark,86,62,36,39,0
Thomas Roberts,72,1,81,0,0
Jacob Adams,99,46,29,43,0
William King,5,75,95,79,0
Chris Wilson,99,57,76,50,0
Kevin Roberts,96,43,27,50,0
Ryan Thompson,62,90,92,38,0
Betty Robinson,23,88,6,83,0
Betty Thompson,54,4,12,7,0
William Wright,24,78,24,41,0
Laura Nelson,12,52,72,95,0
David Baker,6,52,97,56,0
Brian White,8,29,98,38,0
Jacob Smith,90,88,65,95,1
Lisa Wright,79,88,49,76,0
Lisa Phillips,77,16,0,3,0
Ruth Flores,56,38,55,54,0
Betty Jones,31,90,14,90,0
Kevin Anderson,95,77,0,92,0
John Flores,8,30,37,2,0
Helen Torres,55,8,86,35,0
Joshua Thomas,0,87,9,35,0
Sarah Martinez,92,28,73,63,0
Mary Thomas,59,26,61,14,0
Matthew Anderson,88,39,96,93,0
Edward Williams,22,22,73,75,0
Jacob Thompson,49,78,95,26,0
Daniel Brown,90,57,63,86,0
Brian Thompson,14,83,17,9,0
Mark Nguyen,10,90,45,61,0
Ryan Scott,62,38,21,73,0
Deborah Young,49,71,84,41,0
Dorothy Scott,43,93,80,58,0
Jacob Harris,72,48,1,60,0
Chris Taylor,72,63,25,17,0
Karen Nelson,17,18,78,88,0
Ashley Brown,18,29,33,9,0
Ashley King,5,39,31,28,0
Charles Taylor,79,60,72,87,1
Ronald Clark,81,6,42,89,0
Linda Thompson,64,10,54,60,0
Joseph Gomez,14,11,84,31,0
Shirley Allen,88,68,8,86,0
Daniel Rivera,84,79,42,20,0
Charles Gomez,26,18,8,90,0
Linda Taylor,18,43,71,97,0
Shirley Carter,52,44,90,61,0
Sarah Martin,71,9,29,17,0
Helen Wright,99,61,99,11,0
Robert Williams,56,31,53,79,0
Deborah Robinson,99,14,75,65,0
Kevin Gomez,92,74,75,38,0
Andrew Hall,0,7,31,49,0
Dorothy Smith,54,97,63,45,0
Amy Lee,21,43,76,68,0
Sandra Miller,54,47,25,70,0
James Thomas,22,70,94,88,0
Daniel Evans,14,26,13,48,0
James Evans,57,86,44,8,0
James Hall,20,18,94,13,0
George Hall,72,87,84,2,0
Barbara Mitchell,26,43,65,24,0
Anthony Lewis,83,54,96,81,0
Amy Evans,36,22,60,22,0
Jessica Anderson,89,6,44,1,0
Michael Adams,7,99,80,74,0
Anna Rivera,28,55,51,59,0
Ruth Moore,38,12,78,62,0
Sandra Adams,85,22,9,45,0
Daniel Thomas,44,69,8,6,0
David Evans,71,65,32,94,0
Helen Roberts,77,99,8,14,0
Helen Hill,48,44,66,44,0
Brian Johnson,100,56,84,21,0
Shirley Lewis,57,16,58,62,0
Daniel Nelson,54,9,20,83,0
Ruth Williams,38,42,12,5,0
Mark Jones,73,29,28,4,0
Michael Harris,31,83,73,85,0
Edward Wilson,79,5,73,31,0
Andrew Scott,29,63,70,19,0
Linda Rodriguez,51,5,95,100,0
Ashley Moore,64,10,71,6,0
Thomas Lewis,16,94,14,75,0
James Miller,61,87,31,55,0
Andrew Evans,71,68,94,69,1
Nancy Evans,8,18,1,21,0
Ruth Nelson,12,8,57,87,0
Ashley Jones,45,50,86,34,0
Ronald Hall,12,24,15,64,0
Chris Nguyen,41,9,84,30,0
Nicholas Evans,79,55,67,55,0
Jane Hill,76,34,41,66,0
Thomas Anderson,83,66,18,74,0
Mary Robinson,30,40,37,73,0
Sarah Williams,64,22,79,14,0
Dorothy Martinez,73,56,69,30,0
Andrew Flores,35,69,100,58,0
Joseph Johnson,68,87,34,91,0
Jacob Mitchell,1,58,77,50,0
Deborah Young,9,1,49,9,0
Ruth Baker,73,77,100,31,0
Laura Hall,60,40,31,64,0
Chris Walker,57,2,88,76,0
Karen Garcia,49,11,17,22,0
Kevin Nelson,24,53,79,84,0
Ashley Garcia,37,41,77,26,0
Charles Hall,87,56,20,7,0
Ashley Campbell,56,58,60,51,0
Laura Lewis,79,16,22,22,0
James Hill,71,6,94,97,0
Ryan Clark,91,22,93,11,0
Joseph Clark,64,100,34,64,0
David Jackson,81,39,87,88,0
Thomas Green,49,71,36,46,0
John Allen,8,46,86,28,0
Ryan Hall,13,79,6,32,0
Ashley Moore,70,57,69,4,0
Karen Rivera,98,6,15,49,0
Deborah Rivera,10,14,29,13,0
Jessica Lee,9,48,13,94,0
Ryan Smith,48,56,42,29,0
Jacob Robinson,31,27,82,55,0
Mark Martin,70,65,49,92,0
Daniel Williams,23,11,88,88,0
Ryan Miller,89,51,72,39,0
Linda Roberts,77,90,58,60,0
Ryan Allen,84,77,55,80,0
Amy Hernandez,97,28,3,44,0
William Nelson,11,19,52,56,0
Jessica Thompson,20,6,63,32,0
Barbara Wright,24,97,13,17,0
Ruth Wilson,4,74,2,59,0
Deborah Rivera,82,36,75,18,0
Robert White,34,28,47,34,0
Ronald Roberts,89,12,30,83,0
Daniel Flores,46,7,34,79,0
Daniel Moore,53,34,92,60,0
Amy Martinez,51,37,71,8,0
Sandra Martinez,75,20,38,60,0
Dorothy Hall,33,6,87,33,0
Jessica Wilson,89,12,80,94,0
Nancy Walker,56,52,57,83,0
Mark White,8,58,63,64,0
Andrew Adams,99,55,85,22,0
Sarah Johnson,17,39,51,76,0
Emily Allen,5,30,22,87,0
Lisa Gomez,16,53,43,11,0
Sarah Roberts,38,80,56,28,0
Kimberly Green,23,3,60,44,0
Michael Robinson,42,57,59,47,0
Sarah Young,76,81,47,25,0
Edward Harris,100,100,15,33,0
Ruth Garcia,96,61,33,57,0
John Hall,96,12,61,99,0
Kimberly Lee,35,84,34,95,0
Charles Allen,41,10,71,74,0
Ronald Hill,25,57,85,30,0
Jane Clark,67,46,8,32,0
Sarah Evans,16,76,21,39,0
Kimberly Williams,59,55,73,35,0
Jessica Allen,14,93,21,76,0
Daniel King,6,42,48,42,0
Joshua Anderson,68,21,17,56,0
James Campbell,14,90,28,29,0
Chris Wilson,23,0,90,97,0
Patricia Thomas,65,26,67,2,0
Lisa Rodriguez,20,82,45,25,0
James Johnson,21,16,75,6,0
Sarah Taylor,67,15,51,70,0
Chris Green,1,58,2,84,0
Barbara Taylor,28,85,27,59,0
Thomas Rodriguez,24,22,50,71,0
Kimberly Lewis,94,22,66,5,0
Anthony Young,21,76,41,80,0
Megan Roberts,54,83,54,100,0
Jane White,96,11,62,33,0
Chris Garcia,48,18,25,3,0
Barbara Lee,21,40,19,51,0
Anna King,33,66,95,55,0
Jacob Walker,53,49,94,72,0
Amy Adams,45,1,45,77,0
Daniel Evans,75,15,64,39,0
David Robinson,25,94,6,77,0
Anthony Nelson,26,0,60,15,0
Shirley Lewis,87,35,11,17,0
Lisa Torres,45,94,53,71,0
Matthew King,44,0,96,14,0
Jacob Martinez,48,90,95,97,0
Sarah Baker,77,23,29,6,0
Joshua Anderson,17,86,77,2,0
Jacob Rodriguez,50,41,89,15,0
Thomas Hill,11,87,47,79,0
Kimberly Hall,36,71,91,54,0
Robert Allen,84,25,24,25,0
Joshua Wright,37,44,69,2,0
Patricia Lewis,38,58,72,94,0
David Robinson,35,8,81,84,0
Thomas Harris,45,8,88,31,0
David Nelson,66,51,36,50,0
Anna Taylor,95,13,48,91,0
Jane Young,3,54,100,41,0
Ronald Lee,15,30,23,28,0
Linda Phillips,7,39,12,40,0
George Baker,54,53,67,94,0
Shirley White,53,69,65,66,0
Jessica Lee,55,5,34,69,0
Betty Thomas,21,60,25,71,0
Joseph White,18,55,45,50,0
Linda Jones,96,17,50,17,0
George Smith,59,17,23,67,0
Deborah Walker,52,72,49,61,0
Joshua Jones,55,5,49,41,0
Barbara Jones,86,100,91,75,1
Daniel Hall,27,31,94,77,0
Patricia Mitchell,88,81,39,91,0
John Rivera,4,53,52,78,0
Ruth Mitchell,97,51,78,19,0
Ronald Davis,94,100,10,100,0
Emily Phillips,58,44,59,88,0
Linda Johnson,80,37,52,8,0
Sarah Lewis,91,69,37,62,0
Michael Flores,28,81,21,90,0
Joshua Campbell,82,66,4,57,0
Deborah Mitchell,81,23,73,84,0
Kevin Lewis,52,71,68,71,0
Charles Taylor,60,35,81,51,0
William Walker,84,60,98,12,0
Karen Thompson,19,90,14,65,0
Amy Robinson,49,27,70,72,0
Jessica Phillips,0,50,3,3,0
Patricia Robinson,82,98,96,46,0
Patricia Johnson,48,79,6,77,0
Ronald Scott,84,55,37,73,0
Robert Campbell,95,82,90,38,0
Betty Nelson,58,77,99,81,0
Sandra Nguyen,30,83,39,32,0
Sarah Scott,55,62,95,75,0
Thomas Williams,28,66,58,81,0
Ashley Hall,68,19,52,52,0
Ronald Evans,99,89,73,18,0
Jessica Mitchell,88,81,88,74,1
Joshua Johnson,59,57,32,50,0
Kevin Anderson,48,48,99,18,0
Anthony Baker,78,27,5,30,0
Patricia Hernandez,81,12,21,33,0
Nicholas Thompson,87,41,88,8,0
Ryan Scott,61,77,41,72,0
Kimberly Rivera,59,17,32,34,0
David Harris,27,30,58,14,0
James Jones,70,32,63,86,0
Patricia Jones,65,35,62,92,0
Nancy Robinson,52,50,4,76,0
Emily Flores,63,94,46,83,0
Dorothy Harris,26,100,18,63,0
Lisa Carter,55,48,60,48,0
Nicholas Evans,6,12,62,20,0
Michael Davis,32,22,28,28,0
Joseph Clark,90,35,16,85,0
Mary Harris,36,77,63,56,0
Sandra Baker,81,23,94,1,0
John Wilson,10,15,75,2,0
Ruth Miller,48,28,29,16,0
Nancy Hill,39,34,90,16,0
Ryan Hall,95,41,68,73,0
Patricia Adams,12,6,55,49,0
Ruth Miller,61,70,41,92,0
John Adams,67,66,90,65,1
James Hill,54,94,64,90,0
Emily Scott,2,51,10,58,0
Sarah Phillips,55,17,16,62,0
David Taylor,61,67,12,4,0
Jessica Allen,25,95,1,89,0
Betty Thompson,11,53,14,97,0
Deborah Campbell,92,36,31,100,0
Laura Young,29,74,71,41,0
Nancy Torres,69,26,53,33,0
Joshua Clark,27,41,87,40,0
Megan Gomez,60,43,80,96,0
William Torres,91,15,66,71,0
Michael Johnson,61,56,16,53,0
Daniel Robinson,88,48,36,27,0
Patricia Hall,61,7,26,47,0
Thomas Campbell,51,86,29,82,0
Chris Lewis,48,2,99,26,0
Nancy Evans,80,80,74,87,1
Amy King,80,71,6,11,0
James Wilson,47,48,12,0,0
Jacob Roberts,68,7,48,59,0
Shirley Wilson,19,53,83,73,0
Mark Jones,43,22,6,51,0
Chris Brown,66,28,96,56,0
Ryan Lee,45,5,35,56,0
Karen Thomas,12,65,86,30,0
Lisa Martinez,87,18,19,41,0
Betty King,2,31,66,53,0
Sarah Hall,20,67,29,100,0
Laura Rodriguez,0,98,92,16,0
Robert Allen,18,80,9,72,0
Helen Johnson,51,7,6,99,0
Ryan Anderson,16,98,13,76,0
Sarah Johnson,12,0,51,20,0
Chris Thompson,65,29,92,1,0
Emily Williams,68,66,38,45,0
Karen Flores,22,41,9,84,0
John Lewis,88,30,22,34,0
Mary Rivera,59,18,4,58,0
Deborah Nelson,35,65,37,65,0
Daniel Nguyen,13,11,52,31,0
Brian Roberts,16,65,23,13,0
Emily Scott,82,21,56,63,0
Nicholas Flores,42,61,16,24,0
Jessica Jones,98,73,69,67,1
Linda Jackson,37,64,27,35,0
John Evans,32,51,15,88,0
George Young,14,5,71,71,0
Matthew Nelson,74,72,38,96,0
Anthony Baker,99,20,72,55,0
Helen Davis,97,64,66,11,0
Mary Campbell,54,37,42,38,0
Betty Carter,42,55,79,67,0
Brian Martin,98,90,54,57,0
John Anderson,44,30,22,90,0
Jacob Johnson,49,74,14,82,0
Kevin Evans,52,88,50,57,0
Megan Roberts,32,8,4,12,0
Jacob Adams,13,80,4,33,0
Anthony Roberts,49,59,35,68,0
Laura Torres,100,28,97,59,0
Joshua Torres,20,75,89,21,0
Jessica King,48,86,12,92,0
Michael Taylor,74,44,64,51,0
George Taylor,43,15,48,71,0
Emily Torres,36,45,52,96,0
Jessica Harris,3,24,31,5,0
Chris Harris,43,8,24,87,0
Ashley Williams,69,87,12,67,0
Dorothy Johnson,75,44,99,4,0
Joseph Carter,43,98,70,81,0
Charles Williams,63,69,19,40,0
Nicholas Johnson,59,50,99,31,0
Ruth Evans,3,64,9,25,0
Nancy Hall,95,13,5,50,0
Karen Wright,13,67,94,75,0
Matthew Hill,1,58,17,19,0
Kimberly Baker,50,1,89,73,0
Joshua Clark,35,9,72,27,0
William Rivera,53,80,37,87,0
Robert Taylor,72,23,18,4,0
Joseph Williams,92,83,45,68,0
Shirley Torres,30,92,68,87,0
Sarah Green,52,96,58,62,0
Jane Hall,83,3,60,87,0
Jessica Lee,21,82,62,43,0
Edward Allen,87,10,42,26,0
Helen Phillips,73,3,63,51,0
Matthew Adams,30,26,93,80,0
Nancy Green,3,41,21,71,0
Edward Lee,37,51,81,45,0
Ryan Campbell,14,18,37,86,0
Nancy Lewis,69,100,86,80,1
Sandra Flores,74,49,48,22,0
Michael Wright,74,70,61,64,1
Chris Gomez,36,55,39,31,0
Joseph Brown,57,21,26,54,0
Michael Hill,33,5,54,92,0
Ashley Anderson,52,10,56,35,0
Mark Harris,60,26,12,3,0
William Green,73,57,15,92,0
Lisa Moore,33,30,93,4,0
Deborah Roberts,2,12,79,2,0
Kevin Thomas,18,24,39,30,0
Nancy Smith,54,52,48,97,0
Megan Harris,9,51,7,46,0
Patricia Scott,71,93,96,93,1
Helen Smith,49,83,90,12,0
Laura Harris,92,63,69,66,1
Emily Wright,56,80,9,84,0
Lisa Lee,8,91,33,96,0
Kimberly Baker,100,47,10,100,0
Megan Williams,13,3,12,0,0
Mark Harris,100,71,67,72,1
Ronald Harris,95,52,63,42,0
Charles Johnson,14,99,0,71,0
Sandra Walker,67,51,28,40,0
Daniel Jackson,67,92,25,7,0
Nicholas Taylor,10,91,42,81,0
Megan Hall,65,76,5,2,0
Joshua Green,78,49,30,52,0
Brian Campbell,35,70,40,3,0
Jane Carter,10,3,89,56,0
Jessica Rivera,89,95,54,59,0
Thomas Lee,97,42,57,91,0
Jane Smith,10,11,66,1,0
Nancy Scott,83,55,43,6,0
Mark Williams,99,64,37,73,0
David Young,59,36,19,51,0
Emily Harris,10,8,47,1,0
Jane Phillips,84,82,21,45,0
Sarah Hall,88,17,20,98,0
Ruth Campbell,48,56,94,35,0
Matthew Anderson,5,57,92,36,0
Anthony Carter,52,65,60,8,0
Ruth Flores,95,58,44,33,0
Ryan Miller,26,84,22,96,0
Linda Young,38,14,36,61,0
Jessica Lee,89,91,95,13,0
Andrew Gomez,89,59,16,34,0
Brian Clark,59,70,88,27,0
Helen Gomez,84,90,48,43,0
Sarah Johnson,18,71,60,41,0
Anthony Gomez,75,14,20,26,0
Thomas Gomez,81,95,30,46,0
George Clark,50,23,70,18,0
Sandra Johnson,18,34,75,61,0
Jane Rodriguez,8,51,28,55,0
Shirley Taylor,23,87,79,25,0
James Wright,32,14,62,59,0
Lisa Taylor,93,69,58,2,0
Anthony Scott,22,39,9,61,0
Barbara Martinez,6,42,52,86,0
Karen Johnson,48,37,35,72,0
Daniel Moore,60,42,10,36,0
Daniel Davis,22,59,9,45,0
Joseph Green,84,74,26,60,0
George Thomas,56,31,75,53,0
John Hall,68,67,80,4,0
Jessica Roberts,72,65,16,68,0
Charles Torres,10,87,17,36,0
Ruth Robinson,41,44,59,33,0
Joseph Robinson,90,0,83,71,0
Jessica Baker,78,55,21,60,0
Ronald Johnson,13,93,94,65,0
Andrew Rivera,100,32,70,65,0
Thomas Lewis,74,43,22,97,0
John Thomas,47,76,22,45,0
Karen Robinson,85,71,20,52,0
Edward Hernandez,9,85,3,96,0
Anthony Walker,27,36,67,83,0
Barbara Hernandez,2,96,67,28,0
Jacob Lewis,26,45,75,31,0
Daniel Scott,15,91,86,96,0
Chris Davis,81,7,24,58,0
Jane Robinson,8,94,96,5,0
Ashley Mitchell,71,42,68,99,0
Emily Flores,24,75,51,63,0
George Davis,12,45,54,50,0
Sarah Gomez,67,70,52,77,0
George Baker,88,10,29,29,0
David Wright,40,49,20,79,0
Daniel Hill,23,55,32,31,0
James Hall,26,5,30,68,0
Jessica Martinez,51,13,64,38,0
Mary Green,66,46,30,71,0
Ronald Lewis,60,20,91,72,0
Daniel Jackson,40,27,19,84,0
Barbara Miller,39,70,34,90,0
Matthew Wilson,32,11,13,1,0
Linda Allen,63,98,71,89,1
Anthony Anderson,29,39,83,56,0
Ryan Baker,26,86,85,25,0
Matthew Carter,72,72,21,30,0
Anthony Allen,6,85,80,70,0
Mary Nguyen,32,13,0,63,0
Megan Mitchell,59,10,85,37,0
Helen Harris,66,95,21,88,0
Jane Baker,54,82,97,67,0
Joseph Baker,71,15,55,88,0
Emily Robinson,44,49,69,49,0
Shirley Jackson,48,16,4,2,0
Andrew Nelson,57,36,39,57,0
Betty Torres,79,15,58,53,0
Michael Rivera,93,24,0,71,0
Karen Harris,70,63,29,98,0
James Moore,4,9,85,31,0
Shirley Roberts,40,3,11,64,0
Michael Mitchell,6,71,29,12,0
Mary Scott,73,57,16,39,0
Patricia Campbell,85,28,37,44,0
Nancy Rivera,40,60,81,42,0
Jessica Mitchell,30,100,34,18,0
Anna Taylor,14,16,94,22,0
Laura Harris,6,60,90,12,0
Charles Roberts,52,22,27,67,0
Michael Hill,97,73,14,24,0
Jacob Martin,82,54,54,21,0
Helen Carter,57,13,56,29,0
Matthew Baker,53,26,85,19,0
Emily Thompson,1,34,87,91,0
James Johnson,3,21,28,54,0
John Flores,62,92,31,13,0
Linda Hernandez,13,18,19,20,0
Laura Hill,52,56,2,81,0
Sarah Garcia,27,53,27,34,0
Kevin King,67,80,29,13,0
Jessica Jackson,82,20,34,0,0
Laura Clark,53,41,11,69,0
David Davis,6,82,23,14,0
Ashley Brown,67,9,22,16,0
Laura Campbell,40,42,16,5,0
Robert Torres,56,70,34,11,0
Lisa Torres,3,48,80,40,0
Kimberly Scott,48,82,90,37,0
Jessica Scott,62,67,35,87,0
Megan Robinson,49,58,19,8,0
Joshua Walker,49,93,27,41,0
Chris Mitchell,36,43,60,42,0
Brian Rodriguez,29,38,12,7,0
Ronald Roberts,47,56,36,89,0
Sarah Johnson,0,24,23,86,0
Chris Hernandez,79,39,18,38,0
Karen Evans,94,5,1,98,0
Linda Nguyen,26,7,7,60,0
Daniel Mitchell,8,74,82,65,0
James Smith,97,57,60,95,0
Emily Campbell,83,42,47,80,0
Laura Jackson,30,33,49,36,0
Amy Roberts,11,32,50,70,0
David Scott,55,0,3,82,0
Kimberly Adams,18,41,51,38,0
Ronald Robinson,53,14,68,32,0
Kevin Evans,92,21,20,9,0
Megan Evans,95,53,44,1,0
John Allen,19,23,62,74,0
Deborah Adams,28,72,55,87,0
Ronald Jackson,50,29,32,25,0
James Green,43,70,41,1,0
Sandra Moore,72,51,85,33,0
Dorothy Taylor,9,54,54,38,0
Robert Lewis,91,88,24,100,0
Jacob Thomas,36,27,17,14,0
Joseph Gomez,32,86,50,70,0
Mark Walker,57,17,6,100,0
Barbara Wilson,38,49,82,79,0
Jane Davis,62,48,64,41,0
Karen Miller,35,39,91,84,0
Anna Hernandez,52,84,16,91,0
Emily Brown,11,89,14,9,0
Megan Smith,64,0,79,70,0
Jessica Rodriguez,41,18,41,41,0
Jessica Smith,21,41,52,43,0
Michael Jones,45,7,54,91,0
Helen King,78,97,7,53,0
Edward King,61,46,20,36,0
Karen Walker,51,29,4,24,0
Joseph Williams,75,15,72,74,0
Chris Hill,18,15,64,79,0
Lisa Nelson,56,49,44,27,0
David Thompson,62,91,91,4,0
Mark Baker,14,6,48,82,0
Barbara Taylor,37,98,54,4,0
Brian Mitchell,23,17,12,29,0
Brian White,55,28,16,44,0
Anthony King,56,84,97,15,0
Deborah Anderson,51,59,16,39,0
Anna Davis,97,49,51,26,0
Helen Davis,13,97,72,56,0
Anna Lee,4,28,53,10,0
Sarah Flores,37,19,86,40,0
Anna Thomas,54,28,47,2,0
Emily Rivera,31,17,37,62,0
Laura Rodriguez,56,44,47,30,0
John Martin,8,54,28,56,0
Barbara Martinez,75,99,97,69,1
Ruth Evans,18,26,53,1,0
Anthony Nguyen,42,21,75,66,0
William Nguyen,5,75,6,57,0
Kevin Jackson,72,29,11,58,0
Amy Jackson,59,99,69,78,0
Joseph Nguyen,20,1,50,13,0
Ashley Mitchell,28,2,52,42,0
Kimberly Green,51,16,15,68,0
Patricia Walker,24,42,18,1,0
Robert Jones,66,32,64,58,0
Thomas Baker,2,66,44,85,0
Robert Scott,63,75,59,57,0
Mark Anderson,69,30,13,41,0
David Nguyen,3,1,7,26,0
Jane Martin,100,8,32,6,0
Barbara Baker,51,90,66,53,0
Megan Scott,84,4,67,26,0
Robert Martin,83,17,47,54,0
Shirley Brown,30,32,69,57,0
Jessica King,45,28,75,65,0
Jacob Miller,5,77,6,5,0
John Wright,60,4,43,56,0
Chris Lewis,57,90,85,26,0
Kimberly Jones,80,37,39,96,0
David Green,70,26,34,52,0
Kimberly Brown,39,60,46,89,0
Nicholas Scott,22,1,60,32,0
Karen Jackson,82,44,22,52,0
George Scott,3,29,31,72,0
Linda Roberts,37,56,84,56,0
John Adams,68,52,5,48,0
William Rivera,5,32,32,94,0
Jessica Hernandez,91,32,52,84,0
Nicholas Brown,8,83,41,46,0
Linda Young,85,85,46,84,0
Sarah Phillips,55,24,30,63,0
Sarah Brown,53,50,63,91,0
Jane Anderson,53,98,8,74,0
William Jones,72,94,15,1,0
Patricia Garcia,13,71,30,2,0
William Walker,35,6,78,13,0
Amy Walker,69,16,0,71,0
Nancy Clark,47,17,30,51,0
John Torres,26,19,26,46,0
Ruth Mitchell,36,91,40,24,0
Anna Baker,100,91,68,25,0
Ronald Rivera,80,100,64,23,0
John Lewis,18,45,51,11,0
Ronald Nguyen,49,41,38,22,0
Laura Torres,28,51,17,26,0
Kimberly Miller,14,99,53,93,0
Jessica Anderson,7,73,95,9,0
Ronald Thomas,16,50,59,46,0
Jane Flores,40,7,70,66,0
Dorothy Allen,29,13,77,36,0
Matthew Scott,73,13,58,52,0
Daniel Walker,6,5,59,39,0
Robert Phillips,88,74,74,92,1
Anna Hall,12,78,72,9,0
David Smith,30,90,32,26,0
James Clark,92,1,79,94,0
Nicholas Roberts,70,34,34,16,0
Jessica Walker,24,51,36,92,0
George Nelson,55,84,72,62,0
Linda Wilson,42,87,7,45,0
Joseph Martin,12,100,89,59,0
Matthew Gomez,96,76,10,7,0
Jessica Taylor,6,61,36,97,0
Kevin Hall,65,96,15,45,0
Ryan Scott,35,85,21,47,0
Emily Martin,74,16,37,74,0
Edward Garcia,54,14,5,83,0
Anna Hill,81,67,30,100,0
Ronald Davis,58,48,13,0,0
Thomas Martin,81,16,18,32,0
Deborah Young,50,81,94,42,0
Ashley Walker,23,29,46,82,0
Brian Johnson,12,29,99,8,0
Edward Jones,50,49,90,39,0
James Wilson,34,17,32,1,0
Michael Thomas,29,82,70,10,0
Robert Hall,27,97,88,23,0
Sarah Johnson,68,93,89,0,0
Daniel Allen,96,61,18,75,0
Thomas Roberts,100,3,84,9,0
Sarah Jones,29,15,58,13,0
Matthew Martinez,82,100,78,97,1
Nancy Smith,13,51,8,5,0
Kevin Johnson,19,79,47,97,0
Jacob Martin,53,86,74,24,0
Andrew Anderson,41,67,91,11,0
Matthew Hernandez,5,50,37,16,0
Jane Nguyen,72,47,19,17,0
Thomas Wright,99,91,10,10,0
Linda Jones,19,0,39,87,0
Lisa Allen,67,38,71,42,0
Helen Campbell,30,48,15,37,0
Ruth Roberts,55,32,42,42,0
Shirley Lewis,68,37,10,40,0
Barbara Mitchell,63,27,70,18,0
Charles Hall,66,57,17,48,0
Andrew Moore,32,58,17,40,0
Megan Garcia,96,45,32,86,0
Jane Walker,32,97,70,23,0
Ruth Robinson,51,48,22,78,0
David Jackson,45,68,62,84,0
Sarah Hill,51,36,11,54,0
Ruth Adams,80,66,23,4,0
Betty Allen,37,67,23,84,0
James Nelson,11,78,62,34,0
Kimberly Walker,15,24,64,90,0
Mary Lee,56,92,58,11,0
Laura Wilson,94,36,15,11,0
Ashley Hill,49,32,63,66,0
Joseph Scott,28,31,30,0,0
Dorothy Hernandez,35,48,46,23,0
Michael Phillips,42,3,60,69,0
Ruth Martin,82,67,69,62,1
Barbara Taylor,57,42,32,91,0
Emily Torres,100,51,88,60,0
Megan Rivera,68,66,46,90,0
Chris Garcia,83,26,4,68,0
Emily Rodriguez,46,22,41,2,0
Joshua Garcia,88,15,64,60,0
Andrew Anderson,55,93,47,76,0
Barbara Flores,63,12,75,84,0
Jane Harris,10,11,91,78,0
Lisa Green,91,2,45,90,0
Ryan Jackson,85,55,75,95,0
Amy Johnson,96,36,31,80,0
Brian Miller,10,58,50,21,0
Emily Green,85,68,13,49,0
Deborah Johnson,74,46,53,49,0
Laura Nguyen,95,88,19,26,0
Megan Young,24,16,16,11,0
Kimberly Davis,98,80,69,90,1
Deborah Hall,9,51,49,60,0
Daniel Thomas,70,49,69,35,0
Joseph Miller,90,15,32,35,0
Kevin Robinson,89,85,23,3,0
Nancy Harris,33,51,8,29,0
Matthew Torres,84,11,95,74,0
Joseph Nguyen,26,12,82,80,0
Brian Harris,14,90,52,23,0
Megan Phillips,16,76,68,78,0
Karen Martinez,54,79,71,13,0
Edward Hall,83,64,52,94,0
Nicholas Walker,90,65,90,52,0
Sandra Wright,3,89,86,94,0
Joseph Martinez,28,64,63,84,0
Mark Wright,100,17,20,63,0
Ryan Garcia,19,63,50,16,0
Ronald Flores,31,6,43,11,0
Dorothy Roberts,77,23,10,59,0
Robert Nguyen,84,37,44,15,0
Helen Adams,64,36,88,77,0
Karen Brown,57,19,99,2,0
Laura Wright,86,20,64,90,0
Daniel Adams,0,66,3,54,0
Thomas Green,12,28,86,27,0
Ashley Johnson,72,68,32,95,0
Shirley Garcia,13,88,52,84,0
Jane Moore,97,3,91,30,0
Jessica Young,39,28,59,44,0
Anna Smith,45,99,82,43,0
Ashley Martinez,42,94,0,76,0
John Anderson,2,11,83,46,0
Jessica Taylor,26,79,43,46,0
Joseph Miller,86,65,92,39,0
Barbara Thompson,2,17,79,24,0
Joshua Nelson,95,86,50,31,0
Kevin Scott,44,56,11,99,0
Chris Hill,26,74,91,68,0
Joseph Young,87,42,20,79,0
Jessica Campbell,95,92,20,74,0
Emily Wilson,62,74,78,24,0
Michael Taylor,54,10,69,49,0
Ronald Brown,32,76,21,56,0
Emily Martin,60,34,20,58,0
Amy Williams,32,98,56,58,0
George Evans,49,40,14,71,0
James Jones,54,12,12,35,0
Matthew Davis,23,20,23,30,0
Jane Clark,45,60,11,55,0
Edward Anderson,51,89,33,58,0
Joseph Lewis,21,18,45,60,0
Thomas Taylor,25,89,40,59,0
Barbara Martin,94,42,55,9,0
Nancy Green,59,16,85,81,0
Jacob Brown,81,63,52,9,0
Jessica Flores,53,46,66,9,0
Sandra Wilson,52,82,3,32,0
Linda Garcia,1,18,45,58,0
Sandra Robinson,34,27,35,78,0
Matthew Nelson,40,38,26,21,0
Ronald White,44,93,37,41,0
Laura Jackson,86,95,81,42,0
Mark Gomez,35,17,48,64,0
Nicholas Roberts,27,24,62,19,0
Ryan Clark,31,4,11,84,0
Nicholas Carter,48,79,5,37,0
Ryan Williams,60,60,58,16,0
David Mitchell,79,43,28,83,0
William Taylor,50,0,8,99,0
Barbara White,67,65,1,14,0
Jane Evans,37,11,49,56,0
Ruth Carter,60,82,51,66,0
Jessica Martinez,70,94,84,42,0
Kimberly Lewis,88,72,65,66,1
Barbara Scott,65,88,74,83,1
Daniel Thompson,79,15,89,78,0
Nancy Martin,4,77,25,62,0
Sarah Clark,57,20,100,75,0
Kimberly Hall,45,72,32,0,0
Andrew Allen,81,77,54,35,0
Thomas Walker,6,78,8,0,0
Sarah Carter,67,42,10,96,0
Helen Green,30,66,20,80,0
Daniel Wilson,24,28,10,36,0
Brian Thompson,17,62,46,48,0
Nancy Johnson,16,57,90,29,0
Joshua Martin,36,69,94,41,0
Betty Walker,97,91,87,99,1
Daniel Adams,4,86,12,100,0
Jacob White,57,69,59,45,0
William Scott,23,81,54,96,0
Joshua Carter,55,77,62,40,0
Dorothy Martinez,46,14,32,80,0
Laura Garcia,39,7,86,5,0
Lisa Jackson,29,84,1,3,0
George Allen,60,67,8,83,0
George Wright,46,1,36,86,0
John Flores,60,16,35,67,0
Sarah Brown,62,66,30,6,0
Mark Young,2,63,63,76,0
Mary Roberts,21,33,66,54,0
Lisa Jones,89,100,99,46,0
Karen Mitchell,34,70,31,7,0
Shirley Thompson,90,38,52,83,0
Jane Moore,74,55,63,3,0
Ryan Martinez,48,72,89,65,0
Jessica Jackson,58,39,83,54,0
Linda Thomas,99,28,41,66,0
Jessica Davis,14,53,65,61,0
Kevin Taylor,19,23,4,63,0
Anna Lewis,79,54,91,80,0
Brian King,34,90,96,78,0
Ashley Jackson,2,0,71,94,0
Megan Wilson,35,87,11,4,0
Charles Rivera,96,27,87,56,0
Ashley Martinez,42,85,67,82,0
Edward Robinson,47,2,89,21,0
Robert Nguyen,43,64,0,46,0
Karen Hall,21,25,16,23,0
Megan Martin,80,63,6,95,0
Kimberly Wilson,68,54,36,37,0
Ryan Walker,59,14,42,54,0
Helen Young,76,75,54,60,0
Dorothy Jones,92,42,54,20,0
Jessica Nguyen,19,52,61,83,0
Sarah Hill,19,42,44,86,0
Brian Anderson,45,43,54,100,0
Jane Wilson,19,50,17,12,0
Michael Moore,61,19,95,21,0
John Rodriguez,72,88,13,6,0
Ruth Evans,39,67,92,40,0
Joshua Moore,16,14,76,0,0
John Mitchell,82,60,15,1,0
Ronald Evans,96,42,22,88,0
Karen Jackson,9,95,89,7,0
Thomas Brown,37,94,12,90,0
Joshua Rodriguez,21,98,43,74,0
Laura Adams,4,0,76,39,0
Thomas Robinson,62,78,13,77,0
Thomas Williams,49,31,70,0,0
Ruth Campbell,38,23,86,2,0
David Walker,26,100,49,85,0
Edward Wright,95,76,36,38,0
Lisa Smith,12,39,26,20,0
Dorothy Jones,39,68,25,93,0
Mary Adams,97,51,67,77,0
Anthony Allen,87,62,62,77,1
Daniel Hall,59,88,8,0,0
Charles Mitchell,45,90,50,20,0
Nicholas Moore,68,89,25,14,0
Joseph Williams,72,23,38,0,0
Betty Moore,9,21,46,17,0
Chris Clark,67,35,27,65,0
Joseph Campbell,79,87,27,10,0
Ryan Clark,41,96,77,31,0
Edward Carter,75,22,40,71,0
William Martin,50,60,3,32,0
Thomas Roberts,18,38,56,23,0
Patricia Mitchell,76,39,59,18,0
Dorothy Garcia,52,74,92,9,0
Daniel Gomez,41,44,75,99,0
Ronald Carter,76,18,72,35,0
David Hernandez,47,51,2,64,0
Anthony Brown,89,26,80,84,0
Lisa Gomez,88,35,99,88,0
Anthony Allen,85,85,20,43,0
Daniel Evans,6,75,20,59,0
William Roberts,99,81,77,44,0
Andrew Wilson,25,26,91,68,0
Daniel Walker,14,96,34,54,0
Barbara Lee,30,85,84,15,0
Emily Wilson,96,88,2,50,0
Mary Martinez,0,91,52,10,0
Ruth Johnson,76,68,31,64,0
Sarah Rivera,19,60,89,1,0
Lisa Adams,78,26,22,22,0
Mark Allen,0,97,36,27,0
Patricia Green,78,79,49,43,0
Karen Young,84,16,73,17,0
Linda Smith,95,65,29,89,0
George Hall,9,32,78,10,0
Jane Wright,35,89,37,14,0
Linda Thompson,62,95,50,72,0
Betty Taylor,54,68,15,95,0
Amy Mitchell,31,29,78,49,0
Thomas Taylor,60,57,99,62,0
Chris Clark,44,55,84,93,0
Anthony Walker,29,55,1,59,0
Emily Miller,37,7,50,19,0
Ryan Phillips,30,41,71,97,0
Emily Nelson,59,9,53,65,0
Emily Roberts,35,43,81,84,0
Sandra Miller,45,32,10,1,0
Emily Phillips,35,4,71,69,0
Nicholas King,32,73,71,72,0
Nicholas Davis,90,54,92,39,0
Nancy White,83,76,89,17,0
Sandra Taylor,35,80,25,15,0
Thomas Wright,48,9,82,5,0
Sandra Scott,81,69,96,57,0
Sandra Gomez,84,5,77,26,0
Chris Thomas,10,0,9,3,0
Anthony Green,32,21,50,85,0
Daniel Anderson,56,34,46,79,0
Patricia Lewis,61,59,30,1,0
Deborah Campbell,63,5,68,73,0
Daniel Martin,48,31,54,17,0
Patricia Allen,71,4,64,9,0
Ryan Scott,86,12,88,80,0
John Green,78,24,56,8,0
Linda Smith,58,59,98,24,0
Mark Thomas,93,83,66,30,0
Barbara Wilson,44,31,88,68,0
Anna Rivera,14,66,8,98,0
Daniel Miller,33,88,32,93,0
William Jones,39,70,14,80,0
Matthew Wright,33,68,37,44,0
Michael Thomas,39,58,32,65,0
Kevin Campbell,55,37,18,2,0
Chris Rodriguez,50,100,32,41,0
Chris Nelson,28,15,54,84,0
Jane Nelson,23,98,91,8,0
Chris Phillips,76,23,96,31,0
Edward Green,25,10,100,35,0
Nicholas Phillips,85,20,6,50,0
Helen Mitchell,78,17,77,5,0
Sarah Robinson,83,21,34,20,0
Matthew Miller,90,11,25,96,0
Helen Robinson,59,28,92,3,0
Jane Williams,63,69,28,83,0
Jane Brown,25,84,68,57,0
Dorothy Jones,86,72,6,58,0
Jane Moore,76,88,45,2,0
Charles Campbell,4,97,0,21,0
Andrew Carter,4,28,93,45,0
Andrew Torres,61,61,40,60,0
Jacob Torres,33,24,81,94,0
Andrew Scott,88,61,68,89,1
Kevin Garcia,37,58,80,13,0
Linda Hill,14,94,88,18,0
Charles Young,91,6,65,3,0
Mark Lewis,61,59,15,53,0
Jessica Roberts,40,72,63,45,0
Kimberly Mitchell,52,83,62,9,0
Charles Thompson,59,63,69,37,0
Karen Rodriguez,50,73,89,30,0
Joseph Clark,85,11,46,57,0
Deborah Young,6,5,78,95,0
Chris Carter,42,34,99,61,0
John Allen,20,84,0,44,0
Sandra Hall,98,40,30,77,0
Thomas Green,47,76,100,28,0
Jessica Harris,14,89,75,27,0
Ruth Flores,35,98,22,63,0
Ashley Hall,78,39,43,62,0
Nicholas Jackson,51,61,39,25,0
Jane Baker,32,28,41,11,0
Jessica Hall,72,45,6,25,0
Ronald Carter,14,55,14,92,0
Jacob Hall,91,81,41,29,0
Edward Rivera,96,0,20,65,0
Robert Jackson,17,86,94,5,0
James Rivera,64,8,43,12,0
Shirley Nguyen,7,47,93,73,0
Joseph Williams,12,92,22,76,0
Matthew Lee,74,61,53,33,0
Shirley Hill,24,64,85,31,0
Anna Nelson,67,21,33,50,0
William Adams,9,82,83,97,0
Linda Nelson,64,49,75,83,0
John Brown,20,58,61,55,0
Jessica Smith,76,74,82,8,0
Barbara Campbell,63,83,12,21,0
John Carter,81,41,8,56,0
Laura Hernandez,22,78,91,96,0
Sandra Green,14,41,96,75,0
Matthew Harris,34,1,76,69,0
Karen Young,57,31,84,38,0
Ryan Clark,76,82,1,50,0
Joseph Evans,23,13,40,64,0
Shirley Anderson,42,49,10,62,0
David Young,37,88,89,76,0
James Garcia,58,39,42,91,0
Jessica Walker,60,66,21,72,0
Jacob Mitchell,36,44,47,74,0
Laura Thomas,17,57,42,84,0
Jane Lee,29,9,25,38,0
Patricia Wilson,51,69,37,54,0
Shirley Torres,97,31,58,64,0
Ronald Lewis,55,53,12,2,0
James Taylor,7,25,83,18,0
Mark Thompson,54,48,40,3,0
Joseph Gomez,98,85,33,5,0
Deborah Jackson,78,37,70,47,0
Jane Young,64,42,84,43,0
Betty Wilson,53,68,35,25,0
Daniel Martin,84,53,75,50,0
Jessica Jones,56,78,99,33,0
Helen Jackson,98,88,82,0,0
David Thomas,40,86,32,78,0
Linda Williams,35,38,54,1,0
Jessica Williams,54,69,97,68,0
Ronald Moore,46,46,12,97,0
Patricia Young,37,70,64,94,0
Karen Adams,3,94,92,6,0
Nicholas Jones,28,60,35,83,0
Joseph Lewis,30,12,21,12,0
Sarah Campbell,36,55,70,83,0
Barbara Allen,84,58,43,95,0
Chris Green,74,6,91,28,0
Daniel Hill,31,31,41,88,0
Michael Thompson,98,72,95,61,1
Deborah Smith,63,8,42,28,0
Barbara Garcia,17,15,65,54,0
Michael Taylor,77,26,18,31,0
Laura Nelson,46,100,57,10,0
Dorothy Taylor,7,54,22,37,0
David Wright,6,48,91,10,0
Shirley Jackson,41,39,57,31,0
Deborah Harris,5,25,16,51,0
Laura Martinez,1,77,91,20,0
Mark Wilson,93,57,11,57,0
Helen Lewis,94,63,45,65,0
Patricia Wright,17,23,70,80,0
John Adams,27,76,26,22,0
Thomas Scott,86,0,87,70,0
Daniel Miller,70,57,71,23,0
Karen Lee,62,87,13,5,0
Joseph Thompson,1,59,37,41,0
Laura Wright,18,71,32,54,0
Joseph Campbell,45,45,71,78,0
Chris Jackson,66,9,46,4,0
Chris Anderson,81,12,0,36,0
Emily Green,14,25,42,55,0
Patricia Thompson,27,89,66,94,0
Mark Evans,47,45,66,45,0
Jane Hill,57,65,43,44,0
Robert Nguyen,32,96,79,96,0
Daniel Adams,2,20,49,73,0
Sandra Roberts,2,34,2,47,0
Michael Jackson,56,39,93,100,0
Nancy Garcia,27,37,45,92,0
Matthew White,1,3,51,5,0
Kevin Wilson,86,35,24,0,0
Anthony White,38,0,65,4,0
Nicholas Williams,50,0,2,62,0
Ronald Evans,74,75,4,27,0
Nancy Gomez,40,14,84,55,0
Charles Williams,46,58,9,0,0
Karen Wilson,61,40,64,11,0
Chris Martin,61,61,51,71,0
Dorothy Walker,74,30,96,75,0
Laura Wilson,65,95,95,77,1
Helen Jackson,21,94,83,84,0
Mary Mitchell,48,49,90,20,0
Helen Rivera,91,30,11,20,0
Anthony Hernandez,22,51,32,18,0
Edward Nguyen,63,75,51,57,0
Emily Nelson,78,67,27,85,0
Lisa Roberts,76,12,9,83,0
Nancy Smith,27,54,25,56,0
Anna Gomez,88,82,99,66,1
Barbara Allen,12,14,95,7,0
Sarah Anderson,15,94,4,33,0
Jane Carter,30,25,7,55,0
Thomas Harris,4,32,44,15,0
Anthony Robinson,59,77,38,31,0
Brian Jackson,88,36,91,77,0
Sarah Phillips,100,33,83,90,0
Deborah Roberts,72,65,45,70,0
Kevin Rivera,19,32,90,95,0
Jane Moore,100,99,63,72,1
Andrew Young,89,67,88,11,0
Thomas Thomas,60,15,73,81,0
Ronald Lewis,58,65,66,55,0
Andrew Davis,96,6,23,60,0
Emily Martin,99,1,85,73,0
Edward Rivera,94,8,67,38,0
Lisa Baker,21,43,27,48,0
Ruth Wilson,62,39,2,64,0
Karen Baker,39,54,97,35,0
Linda King,96,89,90,16,0
Deborah Rodriguez,34,87,31,14,0
Chris Johnson,85,40,4,21,0
Mark Anderson,14,21,52,46,0
James Brown,47,44,73,59,0
Chris Williams,86,8,54,44,0
Karen Harris,52,45,34,2,0
Megan Wright,7,18,17,82,0
Megan Clark,99,62,23,30,0
Jessica Smith,0,69,36,52,0
Joseph White,90,57,59,68,0
William Johnson,81,60,59,52,0
Shirley Lee,70,79,97,76,1
Mary Baker,45,67,12,77,0
Thomas Miller,13,91,22,83,0
Charles Gomez,62,61,95,32,0
Laura Nguyen,3,75,13,64,0
William Gomez,91,35,0,58,0
Helen Adams,27,8,66,50,0
Chris Martin,30,38,61,77,0
Robert Green,54,97,31,68,0
James Nguyen,28,76,83,20,0
Sandra Torres,37,99,59,63,0
Joseph Adams,87,26,78,87,0
Kimberly Jones,80,47,43,46,0
Patricia Wright,60,44,53,92,0
Patricia Hernandez,18,8,17,59,0
Mary Torres,23,32,56,67,0
Nancy Jackson,31,18,65,6,0
Laura Taylor,9,81,31,58,0
Mary Smith,71,6,23,2,0
Jessica Evans,52,24,71,70,0
Lisa Lee,68,61,85,78,1
Sarah Martinez,4,99,73,84,0
Daniel Carter,36,9,12,9,0
Shirley Moore,1,3,4,42,0
Jane King,22,49,39,79,0
Sandra Rivera,50,42,81,53,0
Helen Thompson,65,60,91,27,0
Charles Scott,80,12,86,35,0
James Adams,42,51,89,51,0
Joshua Young,56,31,20,21,0
Ruth Evans,32,30,25,20,0
Andrew Torres,68,7,52,99,0
Joseph Hall,44,30,5,37,0
Ryan Rodriguez,45,66,11,53,0
Mary Johnson,30,17,33,22,0
Nancy Brown,73,16,13,1,0
Jane Evans,59,7,32,64,0
Brian Campbell,89,65,87,47,0
Ronald Green,44,47,40,64,0
William Thompson,88,65,64,65,1
Andrew Young,81,93,48,85,0
Joseph Scott,73,56,13,91,0
Jane Wright,2,73,68,49,0
Betty Wilson,86,85,64,35,0
Jessica Rodriguez,90,61,52,65,0
Sarah Brown,13,71,35,97,0
Sandra Flores,51,99,69,75,0
George Hernandez,77,79,85,36,0
Michael Robinson,34,78,8,87,0
Joseph Harris,49,45,65,40,0
James White,80,79,19,15,0
Megan Baker,91,13,64,86,0
Deborah Hall,5,30,91,98,0
Patricia Taylor,65,41,52,13,0
Chris Robinson,37,10,96,58,0
Patricia Green,89,41,1,53,0
James Wright,10,10,87,4,0
Jacob Martin,20,100,33,7,0
Helen Walker,15,45,54,87,0
Ruth Wright,52,35,78,65,0
Megan Campbell,77,12,87,42,0
John Torres,19,66,12,95,0
Michael Rodriguez,65,48,13,29,0
Joshua Walker,45,0,10,61,0
George Torres,21,73,29,43,0
Helen Brown,64,40,4,11,0
Nancy Nelson,22,72,8,94,0
Matthew Jones,65,37,51,29,0
Dorothy Moore,31,94,12,52,0
Ashley King,73,19,24,56,0
William Torres,88,69,40,17,0
Ronald Carter,96,19,98,43,0
Amy Scott,95,75,4,54,0
Sarah Martin,39,5,73,26,0
Charles Adams,41,21,69,57,0
Lisa Anderson,58,88,4,15,0
Edward Hall,18,39,9,23,0
Deborah Green,4,4,58,63,0
James Lee,17,74,89,57,0
Charles Walker,66,31,70,73,0
Linda Nguyen,68,41,16,15,0
James Nelson,52,96,34,73,0
Ruth Scott,18,20,39,50,0
Thomas Brown,62,6,22,31,0
Sarah Gomez,28,99,65,3,0
George Evans,43,93,26,10,0
Andrew Campbell,64,24,84,69,0
Barbara Williams,36,11,11,48,0
Joseph Smith,20,81,20,9,0
Ryan Hall,72,18,45,5,0
Robert Hall,70,89,2,48,0
Daniel Green,92,51,13,1,0
Ruth Rodriguez,13,9,71,86,0
Matthew Allen,47,78,50,16,0
Emily Smith,76,54,89,29,0
Betty Moore,66,75,46,40,0
Ruth Martinez,31,19,48,84,0
Sarah Jones,4,74,43,49,0
John Harris,70,49,88,52,0
Joshua Baker,40,73,61,75,0
David Robinson,83,30,97,97,0
Jessica Davis,72,2,89,4,0
Jessica Brown,35,41,12,33,0
Lisa Robinson,90,17,25,4,0
Helen Campbell,41,85,0,84,0
Michael Adams,94,11,56,5,0
Amy Evans,64,52,93,7,0
Jessica Martinez,28,82,50,32,0
Charles Green,74,22,40,5,0
Nancy Brown,80,68,54,56,0
Nicholas Martinez,73,34,33,15,0
Linda Rodriguez,76,6,18,92,0
Charles Phillips,67,93,38,88,0
Ruth Garcia,77,48,61,94,0
Michael Robinson,60,85,91,14,0
Brian Hall,37,42,9,81,0
Dorothy Moore,91,93,22,100,0
Jessica Young,84,96,47,64,0
Betty Jackson,54,96,0,42,0
Laura Robinson,57,33,26,11,0
Joshua Thomas,74,95,28,9,0
Betty Campbell,47,15,74,55,0
Mark Martinez,61,11,98,40,0
Laura Robinson,90,14,41,84,0
Betty White,3,48,18,24,0
Laura Moore,37,75,89,47,0
Daniel Allen,71,65,57,58,0
Jane Torres,41,40,82,60,0
Anthony Green,39,87,16,12,0
Thomas King,27,42,50,100,0
Anthony Adams,9,10,84,10,0
David Thomas,93,57,7,90,0
Anna Hernandez,56,32,64,81,0
Nicholas Baker,6,72,88,67,0
Thomas Baker,54,98,94,4,0
Ruth Smith,65,65,13,5,0
Joseph Phillips,64,47,35,80,0
James Taylor,83,55,60,20,0
Kevin Wilson,22,69,76,55,0
Amy Torres,10,15,100,81,0
Jessica Baker,9,93,14,80,0
Barbara Torres,82,0,29,81,0
Ruth Moore,81,60,13,48,0
Jacob Jackson,6,9,38,15,0
Daniel Johnson,29,71,6,81,0
William Anderson,85,19,57,75,0
Dorothy Wright,37,46,75,56,0
Patricia Lewis,31,79,15,29,0
Andrew Torres,89,100,34,95,0
Joseph Thompson,32,36,2,60,0
Andrew Baker,100,84,26,1,0
Anna Harris,34,73,63,72,0
Emily Miller,59,69,100,72,0
Helen White,2,81,62,66,0
Kevin Walker,9,54,3,78,0
Jessica Young,66,88,97,39,0
Ryan Davis,51,7,44,63,0
David Johnson,5,8,27,72,0
Sarah Clark,36,38,6,24,0
George Robinson,49,19,74,93,0
Sarah Rodriguez,56,72,91,25,0
Betty Hall,99,37,82,35,0
Thomas Nelson,7,25,59,74,0
Anthony Harris,7,8,41,30,0
Sandra Smith,75,46,86,18,0
Robert Hernandez,25,48,26,42,0
Shirley Wright,6,70,52,79,0
Kimberly Thomas,43,2,96,26,0
Karen King,31,17,56,18,0
Matthew Flores,11,48,83,18,0
Patricia Scott,89,84,38,18,0
Nicholas Nelson,23,81,90,2,0
Anna Campbell,8,90,34,73,0
Mary Carter,89,60,90,53,0
Anna Robinson,91,69,16,17,0
Sandra Rivera,38,80,24,100,0
David Robinson,8,59,11,19,0
Daniel Evans,90,40,14,19,0
Ruth Lewis,49,47,7,53,0
Helen Jackson,5,14,11,82,0
Anna Gomez,77,71,51,39,0
Helen Rivera,38,25,31,15,0
Deborah Mitchell,44,62,38,82,0
Barbara Nguyen,24,60,32,71,0
Emily Jones,67,91,28,55,0
Jessica White,69,96,79,12,0
Charles Harris,78,66,53,62,0
Deborah Rodriguez,97,52,23,78,0
Joseph Thompson,52,98,18,70,0
Daniel Evans,13,100,29,70,0
Sarah Anderson,55,30,42,4,0
Jessica Jackson,81,85,90,44,0
Karen Green,87,54,83,62,0
Jane White,92,79,37,54,0
Robert Johnson,36,77,74,58,0
Anthony Nelson,25,38,35,12,0
Karen Mitchell,28,49,46,90,0
Anthony Smith,2,57,60,75,0
Jessica Thompson,74,15,94,43,0
Lisa Garcia,31,94,68,5,0
Helen Harris,90,90,42,18,0
Joseph Lee,73,89,99,26,0
Daniel Torres,72,60,46,69,0
Emily Flores,99,43,77,91,0
Nancy Lewis,28,19,62,70,0
David White,12,86,10,68,0
Matthew Rodriguez,78,9,40,57,0
Sandra Rivera,80,19,4,90,0
Michael Clark,64,33,31,28,0
Jessica Green,58,73,4,95,0
Emily Hernandez,21,58,27,30,0
Emily Miller,64,28,89,33,0
Ronald Garcia,80,11,6,62,0
Nancy Martin,84,11,97,4,0
Michael Hernandez,87,51,21,61,0
Betty Hall,54,95,77,61,0
Lisa Wright,45,82,75,0,0
Dorothy Scott,28,96,21,64,0
Matthew Lee,24,97,30,5,0
Sandra Clark,96,23,9,62,0
Chris Davis,1,42,80,87,0
Megan White,35,88,1,86,0
Ryan Hill,27,61,82,49,0
Joseph Rivera,44,24,19,64,0
Matthew Lee,36,7,83,3,0
Charles Nelson,98,84,67,48,0
Jessica Hill,58,77,20,53,0
John Torres,95,96,76,9,0
Sarah Jones,12,41,100,60,0
Mark Davis,35,76,31,96,0
Mark Thomas,38,24,91,4,0
Robert Garcia,69,24,59,97,0
Andrew Lewis,78,23,4,10,0
Kimberly Harris,41,46,10,97,0
Anna King,88,6,87,95,0
Michael Rodriguez,71,31,66,68,0
Megan Phillips,54,99,90,2,0
Sandra Roberts,22,16,1,87,0
Charles Evans,66,54,6,67,0
Sandra Martin,49,86,25,48,0
William Moore,76,30,40,9,0
Chris Miller,83,36,5,57,0
Jane Anderson,88,74,23,90,0
Edward Hall,7,8,58,78,0
Joseph King,88,100,50,29,0
Ruth Smith,58,48,71,54,0
Ronald Hill,29,65,59,74,0
Shirley Nelson,14,20,70,27,0
William Thomas,88,58,52,74,0
Betty Brown,88,59,54,84,0
Ashley Nguyen,85,0,75,20,0
Mary Phillips,87,88,30,93,0
Barbara Lewis,92,77,26,7,0
Thomas Allen,84,60,59,100,0
James Lewis,91,71,56,53,0
Andrew Flores,97,41,70,14,0
Brian Clark,50,20,92,3,0
Karen Hill,37,36,38,50,0
Anthony Lee,100,1,77,9,0
Betty Robinson,41,0,48,32,0
Emily Lewis,64,16,59,69,0
Anna Adams,0,4,97,28,0
Jessica Martin,85,67,93,38,0
Michael Campbell,74,97,63,98,1
Helen Young,70,20,73,84,0
James Gomez,83,43,23,74,0
Jessica Martin,74,3,64,0,0
Thomas Robinson,5,66,98,58,0
William Phillips,96,88,48,23,0
Ryan Williams,12,12,84,43,0
Chris Green,88,25,34,25,0
Edward Wright,82,43,72,58,0
Kimberly Harris,9,5,94,30,0
Michael White,47,2,85,100,0
Emily Phillips,98,30,20,8,0
Matthew Wilson,58,45,62,100,0
Brian Lee,30,49,21,79,0
Helen Evans,4,3,25,63,0
Joseph Roberts,49,27,85,46,0
Brian Robinson,60,45,69,95,0
Kevin White,66,67,75,36,0
Amy Evans,19,47,38,35,0
Deborah Nguyen,59,98,66,73,0
Barbara Lee,6,53,57,82,0
Jacob Evans,30,46,31,54,0
Jessica White,82,52,40,1,0
Emily Hill,47,79,17,97,0
Ryan Gomez,47,83,10,95,0
Brian White,88,15,84,64,0
Deborah Taylor,53,0,41,31,0
Matthew White,59,63,69,25,0
Jessica Miller,52,95,15,24,0
Jane Hill,36,83,32,68,0
Jessica Gomez,0,10,37,66,0
Mary Flores,29,21,38,72,0
Michael Wilson,62,3,77,7,0
Laura Taylor,47,15,34,21,0
Andrew Williams,89,54,72,81,0
Matthew Williams,1,10,25,20,0
Daniel Nelson,83,76,81,20,0
Kevin Campbell,1,46,63,70,0
Emily Williams,30,92,63,8,0
Thomas Smith,70,13,32,57,0
Thomas Anderson,36,100,67,90,0
Daniel Lee,49,39,70,5,0
Karen Robinson,54,75,83,16,0
John Miller,95,31,94,47,0
Nancy King,51,26,51,18,0
Jane Green,0,17,34,7,0
Emily Taylor,98,30,79,86,0
Ryan Williams,13,23,7,5,0
Lisa Hernandez,79,43,99,23,0
Matthew Flores,98,36,79,67,0
Mark Scott,23,62,80,42,0
Lisa Harris,8,29,82,33,0
Dorothy Smith,62,80,61,84,1
Mark Gomez,65,87,70,92,1
Deborah Miller,80,29,99,33,0
Barbara Anderson,90,31,46,76,0
Andrew Rivera,34,42,45,88,0
Thomas Anderson,72,26,12,24,0
Nancy Williams,74,93,5,63,0
Jessica Jones,68,36,96,73,0
Jacob Adams,64,14,9,62,0
Betty Phillips,7,59,51,77,0
Patricia Flores,94,50,35,67,0
Megan Brown,31,0,78,23,0
Thomas Brown,69,37,61,6,0
Sarah Clark,1,22,37,39,0
Charles Roberts,92,57,36,74,0
Brian Nelson,50,91,27,55,0
Daniel Walker,6,39,76,7,0
Daniel Smith,0,78,1,50,0
Kevin Martinez,45,19,82,5,0
Sarah Williams,50,23,85,26,0
Sandra Evans,42,87,48,47,0
John Young,71,28,29,56,0
Patricia Green,49,8,26,3,0
Lisa Torres,89,12,25,70,0
Michael Lewis,4,20,86,33,0
Amy Rivera,92,88,26,76,0
Jessica Phillips,52,8,70,36,0
Helen Young,47,95,23,58,0
Deborah Davis,70,87,87,96,1
Chris Wright,99,46,57,17,0
John Rodriguez,59,60,19,22,0
Dorothy Taylor,75,22,22,22,0
Barbara Thompson,86,5,10,7,0
Ruth Garcia,63,86,47,93,0
Jessica Jones,34,1,96,1,0
Joseph Evans,85,57,15,62,0
Anthony Wilson,85,94,84,45,0
Daniel Nelson,40,9,47,37,0
Ashley Jackson,13,56,99,21,0
Daniel Miller,40,23,21,47,0
Lisa Hall,8,34,73,54,0
Chris Miller,90,98,16,21,0
Daniel Martin,26,2,82,40,0
Mary Torres,58,45,28,7,0
Matthew Thompson,33,68,42,95,0
Kimberly Baker,85,26,25,43,0
Michael Davis,61,11,2,58,0
Anna Phillips,31,18,44,85,0
Daniel Rivera,23,63,19,80,0
Andrew King,31,78,24,0,0
Nicholas Hall,20,94,96,53,0
Ronald Martin,10,66,25,98,0
Anthony Lee,85,48,41,54,0
Charles Thompson,1,66,67,31,0
Ryan Young,93,78,3,59,0
Kevin Lewis,29,32,56,99,0
Ryan Brown,9,8,48,83,0
Dorothy Rivera,93,88,15,83,0
Jessica Adams,3,96,29,62,0
Mary Hill,11,31,20,36,0
Jessica Nelson,4,25,92,0,0
James Thompson,36,26,31,2,0
Kimberly White,15,100,67,42,0
Ronald Torres,31,35,83,97,0
George Hernandez,84,66,25,70,0
Laura White,42,11,9,35,0
Sarah Evans,89,15,93,19,0
Chris Garcia,28,10,52,20,0
Thomas Smith,71,23,60,50,0
Ashley Phillips,13,41,46,5,0
Ruth King,49,84,20,87,0
Sarah Taylor,56,19,55,8,0
Matthew Carter,51,71,1,2,0
Jacob Phillips,78,72,85,74,1
Ryan Johnson,69,84,17,46,0
Mary Phillips,2,3,12,66,0
Ashley Thompson,25,6,61,88,0
Anthony Allen,98,63,78,15,0
Robert Mitchell,33,58,41,18,0
Thomas Davis,36,45,2,89,0
Edward Hall,82,22,63,93,0
James Anderson,42,31,86,27,0
Kimberly Allen,13,62,10,27,0
Kimberly King,76,98,2,21,0
Anna Nguyen,92,30,47,96,0
Mary Wright,3,94,20,38,0
Thomas Roberts,39,82,73,9,0
James Johnson,75,18,12,37,0
Sarah Gomez,6,84,68,77,0
Michael Anderson,29,48,19,70,0
Edward Davis,83,89,6,48,0
Nancy Johnson,11,35,44,60,0
Jacob Taylor,13,13,88,64,0
John Martinez,35,86,80,37,0
David Martinez,91,32,43,56,0
Daniel Adams,80,57,78,73,0
Linda Johnson,20,45,13,22,0
Daniel Rodriguez,85,10,5,33,0
Emily Garcia,60,6,100,30,0
Mark Young,70,59,61,33,0
Nancy Nelson,93,86,98,36,0
Andrew Anderson,77,31,39,76,0
Sandra Young,8,49,68,21,0
Nancy Martinez,22,19,39,51,0
Lisa Hall,37,95,98,32,0
Daniel Smith,25,80,90,10,0
Charles Rivera,60,45,89,96,0
Kevin Moore,33,67,18,3,0
David Harris,84,95,68,14,0
Patricia Jackson,57,32,48,57,0
Ronald Phillips,53,41,70,78,0
Jane Thompson,7,61,24,90,0
Joshua Thompson,63,59,62,86,0
Jane Gomez,92,17,57,66,0
Emily Garcia,2,9,27,84,0
Barbara Wright,99,47,38,10,0
Helen Harris,9,53,86,72,0
Jacob Hill,56,14,27,43,0
Anna Martin,8,27,99,37,0
Emily Green,82,16,24,94,0
Jane Baker,4,100,6,59,0
Robert Walker,91,16,98,25,0
Emily Davis,59,64,85,66,0
Deborah Allen,10,67,83,99,0
Brian White,28,39,19,53,0
Charles Carter,48,39,83,76,0
Kimberly Hernandez,92,19,9,16,0
Ryan Thomas,94,88,80,46,0
Matthew Nelson,72,6,78,71,0
Jessica Thompson,68,94,50,30,0
Karen Jackson,9,89,75,94,0
Sarah Evans,29,65,84,84,0
Lisa Torres,58,30,27,76,0
Barbara Hernandez,50,53,14,21,0
Helen Flores,80,44,13,60,0
Karen Robinson,77,4,28,26,0
David Anderson,47,91,20,48,0
Amy Miller,17,40,61,87,0
Lisa Anderson,31,13,15,91,0
Deborah Gomez,15,45,100,18,0
Jane Roberts,87,52,97,53,0
Ryan Wilson,18,1,20,54,0
Chris Young,5,27,52,46,0
Joshua Anderson,32,23,71,69,0
Dorothy Davis,7,62,26,66,0
Thomas Davis,71,52,32,59,0
Deborah Allen,89,4,20,95,0
John Baker,32,7,48,63,0
Daniel Wright,73,32,9,100,0
Megan Evans,32,87,48,34,0
David Jackson,83,1,74,75,0
William Davis,69,79,34,90,0
George White,78,39,56,11,0
Megan Thompson,7,43,42,11,0
Karen Young,1,40,14,41,0
Daniel Wilson,31,93,44,79,0
Patricia Campbell,27,28,75,48,0
Jane Campbell,59,11,26,71,0
Barbara Garcia,3,16,9,64,0
Ryan Campbell,43,6,52,65,0
David Evans,68,71,74,19,0
Laura Rivera,26,79,82,24,0
Megan Lee,98,19,54,92,0
Kimberly Hill,81,12,11,3,0
Anna Johnson,73,23,82,92,0
Ronald Allen,78,12,64,16,0
Sarah Thomas,82,26,40,18,0
Matthew Nelson,91,7,21,43,0
Joshua Carter,45,27,22,79,0
Ryan Brown,4,5,7,18,0
Laura Jackson,62,39,84,86,0
Helen Gomez,79,93,66,62,1
Nicholas Wright,70,62,47,6,0
Sarah Walker,71,9,47,29,0
Megan Nelson,22,64,76,42,0
Sarah Miller,30,1,9,71,0
Shirley Lee,35,94,49,84,0
Jessica Young,11,56,16,97,0
Kevin Evans,57,39,2,26,0
Patricia Scott,63,59,43,41,0
Dorothy Hill,58,43,83,42,0
George Carter,91,17,53,51,0
Daniel Flores,3,34,85,71,0
Nicholas King,60,80,98,72,1
Barbara Hill,60,28,94,95,0
Betty Williams,82,100,32,22,0
Chris Thomas,27,56,4,56,0
Kimberly Robinson,53,37,80,51,0
Amy Torres,55,85,72,21,0
Karen Allen,30,10,27,0,0
Megan Lee,74,11,0,58,0
Mary Carter,28,17,78,77,0
Jessica Gomez,52,92,97,43,0
Shirley Jones,52,19,1,46,0
Shirley Torres,21,100,68,35,0
Ruth Robinson,0,88,74,15,0
Ryan Flores,86,15,79,46,0
George Anderson,53,38,53,89,0
Matthew Rivera,65,99,80,85,1
Ronald Adams,40,43,70,12,0
Jane Hall,65,36,39,38,0
Anna Hernandez,98,94,13,71,0
Nancy Johnson,7,89,48,62,0
Michael Allen,3,28,48,95,0
James Mitchell,77,92,38,23,0
Amy Anderson,54,17,30,97,0
Kimberly Mitchell,85,8,35,10,0
Jessica Jackson,17,98,2,34,0
Anna Lee,96,3,11,59,0
William Green,30,16,2,17,0
Sandra Thomas,83,80,65,98,1
Jessica Walker,71,54,26,13,0
James Carter,10,2,24,82,0
Chris Thompson,68,83,1,29,0
Dorothy Rivera,45,17,88,51,0
Jessica Scott,83,81,67,26,0
Laura Rivera,13,65,15,21,0
Jacob Wilson,99,41,62,10,0
Thomas Phillips,89,28,36,87,0
Nancy Jones,50,21,91,71,0
Michael Roberts,82,3,67,91,0
Jacob Jones,98,56,80,64,0
Daniel Garcia,48,82,8,74,0
Ryan Thompson,52,32,17,90,0
Robert Roberts,82,10,55,90,0
Kimberly Rodriguez,53,100,1,18,0
Ryan Young,78,6,97,18,0
Ruth Flores,21,88,89,80,0
Ryan Garcia,30,73,68,1,0
Matthew Gomez,12,33,85,95,0
Andrew Evans,86,88,87,8,0
Lisa Harris,48,96,3,10,0
Thomas Williams,56,37,55,54,0
Robert Allen,16,30,11,13,0
Jessica Robinson,88,70,89,52,0
Matthew Taylor,62,48,26,92,0
Anthony Anderson,31,63,83,76,0
Shirley Taylor,10,80,53,40,0
Sarah Thomas,87,95,42,70,0
Ruth Mitchell,8,20,24,44,0
Mark Williams,29,52,43,24,0
Brian Robinson,45,3,21,35,0
Ryan Scott,2,45,48,66,0
Nicholas Walker,52,19,36,47,0
Brian Miller,49,28,73,49,0
Ruth Miller,86,98,30,88,0
Kimberly Anderson,13,26,5,31,0
Helen Phillips,55,74,50,62,0
Matthew Wilson,92,54,67,85,0
Linda King,75,99,13,56,0
Ashley Walker,98,32,49,48,0
Kimberly Nguyen,57,90,91,52,0
Jane Thompson,1,65,77,1,0
Brian Thompson,88,54,27,28,0
Amy White,96,1,59,65,0
Patricia Anderson,22,71,30,82,0
Jane Davis,69,55,67,9,0
Betty Robinson,80,60,26,19,0
Betty Martin,71,19,79,9,0
Dorothy Baker,12,37,1,0,0
Brian White,83,37,68,46,0
Ronald Hall,0,4,3,0,0
Daniel Robinson,53,21,44,49,0
Daniel Hall,96,91,29,68,0
Ronald Phillips,10,24,23,52,0
Mary Anderson,47,67,62,2,0
James King,0,61,21,75,0
Daniel Jackson,12,44,70,41,0
Jacob Moore,48,25,60,33,0
Ruth King,0,70,41,12,0
Patricia Nelson,0,80,36,88,0
Kevin Flores,46,51,75,34,0
Joseph Wilson,92,20,0,70,0
Andrew Scott,98,27,44,9,0
Edward Evans,81,40,43,35,0
Anna Lewis,21,45,41,19,0
Sandra Moore,48,8,36,80,0
Dorothy Brown,62,43,70,47,0
Joshua Allen,32,30,4,11,0
Kimberly Thomas,28,51,37,27,0
Megan Evans,31,39,78,33,0
Kevin Jackson,44,10,34,43,0
Edward White,17,24,69,38,0
Thomas Nguyen,56,5,35,39,0
Jacob White,46,64,80,71,0
Jacob Hall,55,75,16,75,0
Mary Robinson,9,51,42,58,0
Megan Martin,1,35,5,36,0
Betty Young,67,72,45,26,0
Megan King,1,6,6,94,0
Dorothy Williams,12,63,21,20,0
Shirley Roberts,35,36,14,36,0
Daniel Garcia,25,46,29,85,0
Anna Adams,51,10,9,61,0
Barbara Lee,87,21,45,72,0
Robert Adams,61,66,72,7,0
Kevin Anderson,68,10,8,15,0
Karen Davis,99,78,74,75,1
David Green,34,2,22,0,0
Amy Hall,89,80,63,100,1
Ashley Jones,38,29,67,32,0
Karen Davis,61,19,28,65,0
Anthony Allen,82,1,13,22,0
Laura King,21,65,68,62,0
Daniel Hall,43,61,7,63,0
Jacob Hill,21,95,83,68,0
Shirley Clark,26,67,98,45,0
Daniel Lewis,82,75,56,20,0
Andrew Gomez,28,65,22,9,0
Laura Davis,28,41,18,100,0
George Harris,83,32,26,49,0
Kevin King,90,59,26,70,0
Nancy Davis,84,7,27,16,0
Jessica Adams,40,41,50,16,0
Jacob Robinson,45,47,54,64,0
Lisa Phillips,13,75,9,89,0
Daniel Adams,80,18,83,51,0
Megan Flores,70,27,91,93,0
Barbara Rodriguez,4,10,14,50,0
Betty Wright,62,53,59,27,0
Jessica Torres,30,13,2,60,0
Karen Wilson,92,44,57,80,0
Barbara Evans,12,40,76,51,0
Ronald Nguyen,25,97,53,56,0
Jacob Harris,9,4,3,70,0
Robert Campbell,13,35,56,54,0
Jessica Wilson,50,24,34,1,0
Daniel Wright,34,96,28,31,0
Ryan Anderson,90,90,81,24,0
Chris Jones,87,9,14,62,0
Laura Williams,38,39,8,97,0
Mary Johnson,71,62,82,65,1
Shirley Thompson,24,1,47,34,0
Mary Rivera,5,99,74,7,0
Amy King,33,25,75,65,0
Linda Evans,25,27,10,91,0
Charles Taylor,13,85,31,31,0
Jane Garcia,73,59,31,72,0
Kimberly Baker,42,55,77,97,0
Andrew Robinson,56,89,59,95,0
David Hernandez,93,81,63,96,1
Kimberly Taylor,59,64,54,82,0
William Thomas,89,32,61,46,0
Ronald Hernandez,18,23,24,64,0
Kimberly Jackson,69,69,36,66,0
Sandra Thomas,22,86,78,90,0
Jane Green,94,47,24,82,0
Shirley Johnson,86,46,31,1,0
Sarah Nelson,65,59,70,37,0
Laura Brown,65,39,91,24,0
Daniel Campbell,100,88,65,12,0
Jacob Allen,3,99,68,63,0
Ashley Young,36,87,90,92,0
Mary Mitchell,36,38,57,82,0
Joseph Lee,15,79,13,77,0
Betty Flores,4,47,61,6,0
Jacob Green,86,91,6,14,0
Joshua Nelson,7,77,41,81,0
Karen King,55,81,2,36,0
Ruth Garcia,82,10,83,8,0
Ruth Garcia,60,3,24,95,0
Joshua Johnson,30,29,72,59,0
Kimberly Carter,53,90,0,71,0
Jessica Adams,85,94,58,18,0
Kevin Jones,13,0,95,83,0
Joshua Mitchell,22,86,51,19,0
Helen Williams,28,16,88,75,0
Sarah Torres,92,90,18,65,0
Michael Davis,39,13,98,80,0
Jane Thompson,29,75,72,76,0
Daniel Young,5,51,17,24,0
Joseph Carter,91,4,95,13,0
Amy Evans,64,5,28,24,0
Thomas Brown,77,74,93,7,0
Emily Harris,12,37,4,32,0
Jessica Anderson,1,39,8,17,0
Joshua Mitchell,38,76,0,85,0
Robert Thompson,45,79,83,18,0
Robert Hill,62,73,23,65,0
Helen Baker,20,39,73,45,0
Ashley Campbell,61,41,47,87,0
Jacob King,54,94,67,69,0
Shirley Martinez,34,27,45,88,0
Robert Mitchell,9,70,2,30,0
Kevin Garcia,87,34,26,64,0
Amy Hill,42,15,49,3,0
Megan Robinson,83,81,30,92,0
Jessica Davis,7,54,82,60,0
Daniel Rodriguez,24,32,2,92,0
Ronald Nguyen,0,18,1,94,0
Ruth Jones,25,73,92,42,0
Daniel Torres,11,71,50,94,0
John Allen,31,14,60,66,0
Charles Hill,45,3,13,15,0
Daniel Williams,76,42,91,40,0
Joshua Davis,40,87,22,90,0
Patricia Thompson,82,35,96,90,0
Nancy Carter,53,36,85,96,0
Dorothy Clark,44,24,54,52,0
Ronald Lewis,0,2,85,41,0
Charles Hall,76,92,64,67,1
Mary Hill,93,33,56,27,0
Joshua Phillips,97,25,51,32,0
Joseph Harris,55,60,29,89,0
Linda Brown,34,84,38,90,0
Ashley Walker,29,68,23,13,0
William Nguyen,91,54,96,54,0
Emily Anderson,28,80,13,30,0
Barbara Moore,80,5,61,33,0
Deborah Adams,62,20,100,12,0
Amy Miller,17,18,25,89,0
Nancy Lee,37,36,15,97,0
Karen Wilson,46,36,19,96,0
Karen King,9,97,87,50,0
Linda Taylor,37,1,17,40,0
Jessica Rodriguez,75,35,81,14,0
Mary Torres,84,84,28,43,0
Jessica Jones,7,88,76,43,0
Helen Hernandez,16,78,8,31,0
Charles Jones,70,61,59,25,0
Brian Lewis,19,48,83,72,0
Anthony Martin,12,84,40,63,0
Nicholas Lee,97,11,46,35,0
Andrew Moore,84,14,23,65,0
James Thompson,47,83,59,94,0
Dorothy Lewis,66,4,68,9,0
Deborah Hill,93,32,97,90,0
Joshua Harris,27,91,49,11,0
Charles Wright,21,54,83,25,0
Laura Phillips,31,17,28,88,0
Mark Jones,9,88,40,42,0
Daniel Clark,4,33,47,1,0
Anthony Miller,38,23,19,85,0
Chris Green,80,74,2,54,0
Kevin Young,45,31,5,56,0
Linda King,96,54,38,92,0
David Scott,61,64,82,3,0
Shirley Baker,83,18,29,24,0
John Mitchell,54,67,59,60,0
Jessica Davis,77,52,59,57,0
Anthony Nguyen,30,37,98,77,0
Mary Martin,58,98,0,62,0
Ruth Johnson,47,5,79,14,0
Lisa Martinez,97,8,52,42,0
George Rodriguez,64,12,8,38,0
Sandra Harris,94,10,72,52,0
Nicholas Baker,93,21,43,8,0
Mary Taylor,92,81,36,62,0
Jane Robinson,33,97,71,88,0
Michael Martinez,3,46,28,29,0
Megan Martin,53,97,56,10,0
Kevin Garcia,53,82,80,5,0
Kimberly Evans,87,98,82,65,1
Matthew Evans,11,53,69,80,0
Jacob Rodriguez,56,26,47,37,0
Chris Thomas,2,69,10,89,0
Robert Martinez,28,93,55,51,0
Megan Phillips,62,42,10,48,0
William White,65,50,67,2,0
Robert Adams,64,15,56,94,0
Sandra Baker,44,62,89,43,0
Laura Adams,100,99,11,19,0
Joseph Jackson,45,90,61,85,0
Daniel Smith,68,54,92,91,0
Sarah Rodriguez,72,96,82,98,1
Betty Miller,49,88,31,14,0
Daniel Hall,47,22,4,60,0
Karen Robinson,20,75,31,40,0
Barbara Hall,100,32,67,100,0
Jacob Lewis,94,1,9,89,0
Nancy Young,54,94,32,51,0
Shirley Nguyen,50,95,97,88,0
Daniel Martinez,22,58,94,67,0
Deborah Wilson,34,35,77,7,0
Amy Adams,19,2,0,75,0
Ashley Adams,4,28,2,1,0
Daniel Evans,1,89,17,45,0
Kevin Hall,84,10,64,100,0
Ruth Lewis,29,77,39,64,0
Sarah Scott,19,70,46,31,0
Kimberly Jones,55,10,100,0,0
Jessica Thompson,32,6,11,87,0
Shirley Thomas,43,75,7,7,0
Deborah Thomas,76,2,12,68,0
James Williams,32,90,43,5,0
Sarah Flores,35,37,97,3,0
Barbara Hill,88,56,69,51,0
Lisa Roberts,10,5,89,70,0
Chris Rodriguez,87,20,59,0,0
Ryan Smith,49,85,74,79,0
Kevin Adams,35,54,96,19,0
Mark Hall,94,4,79,35,0
Joseph Moore,55,38,23,52,0
David Williams,24,87,19,34,0
Edward Smith,24,8,4,51,0
Jessica Robinson,79,77,18,90,0
Ruth Mitchell,39,94,57,21,0
Brian Hall,15,96,5,68,0
Daniel Thompson,84,79,67,21,0
Emily Thompson,33,43,49,48,0
Edward Johnson,72,98,50,56,0
Kimberly Nelson,46,99,54,99,0
Michael Carter,47,66,99,23,0
Sarah Torres,50,23,35,1,0
Emily Davis,17,15,51,23,0
Anna Carter,100,90,52,41,0
Kimberly Hall,54,2,81,2,0
Barbara Jones,95,34,48,81,0
Nancy Young,40,75,85,47,0
Nicholas Rivera,91,83,31,8,0
Kimberly Jones,5,7,82,93,0
Nicholas Rivera,84,3,28,87,0
Daniel Brown,90,75,54,87,0
Ronald Harris,60,52,57,5,0
Deborah Scott,73,11,18,74,0
Patricia Williams,43,69,84,43,0
Brian Hill,96,99,51,41,0
Robert Campbell,99,33,89,88,0
Dorothy Wilson,71,35,60,19,0
James Clark,6,62,28,69,0
Ashley Lewis,83,60,1,1,0
Matthew Gomez,30,29,29,39,0
Amy Thompson,22,27,74,13,0
Lisa Nelson,11,1,27,4,0
Anna Harris,13,67,2,20,0
Michael Jones,5,48,71,70,0
Karen Hernandez,54,20,24,60,0
Nicholas Young,47,55,39,2,0
Anthony Moore,98,95,70,31,0
John Johnson,36,83,78,78,0
Brian Evans,77,67,89,11,0
Jessica Nguyen,77,96,53,23,0
Jane Gomez,71,16,41,76,0
Laura Garcia,69,41,82,19,0
Kevin Phillips,92,90,8,12,0
Amy Brown,41,84,99,58,0
Barbara King,18,32,46,15,0
Anthony Smith,62,98,90,12,0
Thomas Baker,89,6,13,41,0
George Johnson,29,61,60,53,0
Linda Smith,71,16,34,90,0
Betty Martin,47,28,100,100,0
Deborah Lee,98,14,85,7,0
David Johnson,55,39,66,81,0
Jessica Lee,71,40,42,63,0
Nicholas Torres,47,76,12,35,0
Jane Young,83,66,0,19,0
Chris Thompson,46,4,35,36,0
Matthew Torres,86,63,82,69,1
Mary Jones,71,25,24,52,0
Kevin Lee,80,50,5,89,0
Linda Jones,17,8,89,91,0
David Clark,85,95,6,83,0
James Allen,9,22,90,29,0
Betty Nguyen,94,76,54,59,0
Jessica Smith,85,92,16,16,0
Amy Martinez,62,45,98,99,0
David Thompson,85,2,24,92,0
Amy Martin,66,45,22,90,0
Daniel White,76,96,55,85,0
James Thomas,22,38,95,0,0
Thomas Lewis,82,97,44,42,0
Sandra Scott,63,70,13,89,0
Ashley Rivera,85,24,47,63,0
Matthew Garcia,1,21,28,73,0
Nancy Thompson,50,67,48,32,0
Ruth Scott,36,89,54,37,0
Sandra Campbell,28,14,38,48,0
Anthony Mitchell,73,70,36,45,0
Chris Hill,57,43,66,82,0
Robert White,87,83,63,90,1
Daniel Torres,29,70,61,19,0
Patricia Carter,79,56,76,73,0
Nicholas Carter,16,3,47,31,0
Brian Evans,55,49,43,10,0
Barbara Roberts,75,97,61,70,1
Jane Williams,27,97,10,63,0
Nicholas Taylor,54,16,40,39,0
Thomas Thompson,90,98,80,23,0
Chris Flores,36,52,66,40,0
Helen Allen,27,99,50,96,0
Robert Lee,10,29,40,31,0
Joshua Robinson,62,9,63,89,0
Joseph Hall,77,35,44,98,0
Edward Miller,99,23,98,31,0
Kimberly Lee,76,64,7,60,0
Karen Hill,8,35,39,71,0
Charles Allen,85,34,73,23,0
William Jackson,69,75,89,90,1
Kimberly Rodriguez,72,56,50,78,0
Anthony Torres,90,37,96,56,0
Kevin Lewis,11,36,77,42,0
Jacob Hernandez,65,99,51,36,0
Ashley Thomas,93,95,57,65,0
Andrew Moore,82,66,75,74,1
David Harris,44,81,98,24,0
Deborah Miller,73,79,17,42,0
John Clark,70,34,94,15,0
Robert Jones,77,4,83,26,0
Laura White,4,83,29,90,0
Robert Mitchell,17,54,79,58,0
Anna Garcia,25,23,70,35,0
Lisa Campbell,37,87,86,13,0
Shirley Nguyen,7,12,48,96,0
Brian Jackson,5,36,83,69,0
Charles Wright,81,72,88,61,1
Thomas Walker,0,68,10,69,0
Ruth Evans,32,32,75,33,0
William Torres,82,28,16,78,0
William Garcia,96,13,92,64,0
David Flores,80,65,6,56,0
Michael Harris,96,73,19,10,0
Patricia Johnson,85,25,93,91,0
Kimberly Young,45,33,85,23,0
Linda Nelson,90,86,36,63,0
Daniel Taylor,90,68,85,40,0
Sandra Flores,1,10,46,75,0
Edward Green,61,68,71,89,1
Mark Martin,95,8,24,69,0
James Williams,3,7,65,3,0
Emily Martinez,71,57,67,10,0
David Flores,49,62,63,8,0
Laura Garcia,26,53,27,92,0
Barbara Lewis,10,50,21,51,0
Joseph Rivera,98,89,43,67,0
Jacob Walker,46,47,45,53,0
Megan Hall,3,45,28,38,0
Patricia Garcia,81,48,80,100,0
Jessica Jackson,4,84,68,97,0
Nicholas Robinson,84,9,71,6,0
Joseph Harris,38,31,59,42,0
Sandra Rodriguez,87,97,99,46,0
Laura Gomez,77,28,54,90,0
Kevin Smith,67,68,66,14,0
John Hill,64,19,53,77,0
Ryan Miller,6,87,95,68,0
George Rodriguez,97,93,51,34,0
Emily Flores,23,1,71,32,0
Helen Wright,92,0,1,100,0
Ryan Martin,53,11,42,84,0
Anna Moore,21,29,28,30,0
Jessica Torres,8,99,98,44,0
Megan Hall,17,40,80,0,0
Mary Campbell,84,84,81,1,0
Jacob Lee,60,0,12,88,0
Edward Martinez,69,6,91,39,0
Dorothy Green,91,54,34,20,0
Amy Moore,21,66,41,31,0
Edward Baker,17,80,48,68,0
William Hall,24,43,69,28,0
Robert Jones,70,29,72,85,0
John Jackson,37,77,58,9,0
Mark Clark,48,11,44,72,0
Emily Green,33,54,75,24,0
Mary Anderson,7,100,33,10,0
James Hall,34,56,15,8,0
George King,63,16,99,100,0
Emily Davis,3,49,8,35,0
Deborah Clark,97,78,6,10,0
Jacob Lee,4,26,41,60,0
Thomas Roberts,95,18,91,0,0
Daniel Hall,49,69,47,3,0
William Nguyen,78,54,17,96,0
Deborah Jackson,99,20,25,70,0
Joseph Nguyen,16,25,54,62,0
Jacob Hall,89,70,23,63,0
Thomas Evans,57,56,75,53,0
Ruth Robinson,95,99,49,60,0
Dorothy Carter,7,50,12,7,0
Andrew Davis,36,47,32,58,0
Dorothy Mitchell,97,78,28,57,0
Shirley Harris,40,78,48,49,0
Brian Martinez,7,83,44,55,0
Thomas Hall,33,66,62,52,0
Michael Rodriguez,0,80,4,58,0
Mary Lee,65,6,6,23,0
Brian Brown,84,92,25,5,0
Jessica Walker,62,39,67,97,0
Jessica Williams,81,65,90,64,1
Edward Thompson,63,72,23,19,0
Daniel Hernandez,35,22,59,95,0
Mary Thompson,21,85,58,87,0
Chris Lewis,56,18,97,32,0
Betty Miller,31,75,21,3,0
Sandra Davis,15,97,0,4,0
Deborah Jones,1,88,23,96,0
Linda Campbell,1,17,51,56,0
Ronald Taylor,33,52,20,17,0
Helen Thompson,78,61,0,33,0
Karen Martin,58,65,5,99,0
Michael King,47,9,0,82,0
Chris Jackson,26,66,51,19,0
Daniel Nguyen,11,47,96,69,0
Ronald Green,62,62,77,35,0
Chris Jackson,60,92,23,28,0
Matthew Young,59,96,7,72,0
James Carter,46,69,50,31,0
Ryan Mitchell,69,7,12,4,0
Dorothy Smith,45,61,85,62,0
Linda Lee,21,37,71,76,0
Charles King,0,68,62,46,0
Daniel Taylor,87,23,10,77,0
Charles Baker,20,6,45,17,0
Deborah Thompson,69,1,75,87,0
Chris Martin,97,89,88,1,0
Linda Jones,42,75,11,31,0
Mary Miller,61,70,42,38,0
Deborah Miller,15,12,80,32,0
Kevin King,6,69,67,91,0
Helen Phillips,28,20,77,91,0
Kimberly Rivera,23,34,65,28,0
Kimberly Lee,45,84,74,78,0
David Hernandez,20,76,51,91,0
Ruth Carter,9,23,35,0,0
Kimberly Campbell,98,30,71,14,0
Chris Flores,79,72,8,81,0
Joseph Johnson,2,79,64,31,0
Joseph Rodriguez,79,9,19,78,0
Edward Robinson,2,40,34,65,0
Emily Taylor,69,83,81,67,1
John Jackson,76,99,69,51,0
John Baker,66,75,15,3,0
Lisa Moore,91,49,54,40,0
David Rivera,15,22,70,9,0
Joshua Young,9,14,93,76,0
Lisa Anderson,86,46,53,68,0
Megan Young,5,70,74,0,0
Daniel Torres,3,86,0,26,0
Matthew Wright,47,23,48,32,0
Dorothy Green,22,70,69,69,0
Mary Garcia,39,8,7,73,0
Ryan Robinson,83,36,51,83,0
Charles Robinson,74,56,83,92,0
Jane Rodriguez,36,62,67,9,0
Daniel Campbell,1,83,26,96,0
Betty Davis,5,1,51,93,0
Jane Hill,26,27,15,74,0
Ryan Nguyen,98,62,43,77,0
Patricia Scott,20,4,14,26,0
Jane Allen,9,39,18,92,0
Shirley Campbell,70,28,20,92,0
Kimberly Nelson,24,4,41,11,0
John Nelson,91,5,64,3,0
Mary Carter,77,63,95,77,1
Brian Williams,56,61,3,54,0
Kevin Evans,75,69,11,9,0
Nancy Hall,88,17,45,71,0
Patricia Wright,46,17,23,98,0
James Thomas,42,87,25,19,0
Andrew Campbell,95,63,44,41,0
John Lee,45,33,24,81,0
Jessica Hill,97,57,94,50,0
George Allen,79,2,35,29,0
Jessica Clark,81,36,47,49,0
Ruth Torres,27,38,44,33,0
George Rivera,59,77,29,77,0
Michael Scott,99,64,79,15,0
Thomas Phillips,75,20,40,48,0
Ryan Flores,22,42,8,54,0
Daniel Mitchell,90,11,85,69,0
Ashley Rodriguez,74,14,61,83,0
Amy Martin,82,74,52,82,0
Anna Jones,36,28,57,25,0
Shirley Thomas,68,78,57,61,0
Jessica Evans,40,72,62,95,0
Shirley Hernandez,89,47,34,97,0
Linda Allen,100,82,57,39,0
Mark Walker,55,14,87,32,0
Joshua Adams,33,25,97,45,0
Sandra Hill,6,50,42,40,0
Andrew Williams,85,38,6,95,0
George Davis,43,90,6,73,0
George Hill,75,74,95,68,1
Nicholas Rivera,84,14,69,63,0
William Roberts,48,54,90,20,0
Robert Hernandez,54,77,53,56,0
Barbara Flores,21,67,38,78,0
Kevin Evans,74,77,96,25,0
Ashley Lee,33,39,51,35,0
Michael Clark,25,13,99,2,0
Jessica Brown,13,62,76,53,0
Anna Gomez,50,36,98,4,0
Mary Thompson,65,81,10,16,0
Karen Hill,35,20,51,42,0
Lisa Nelson,100,73,28,71,0
Sarah Allen,71,80,55,13,0
John Jones,47,2,74,67,0
Anthony Rivera,17,20,15,5,0
James White,0,48,30,2,0
Edward Allen,55,71,16,100,0
Jessica Martinez,76,31,12,3,0
Ashley Williams,94,49,19,73,0
Dorothy Roberts,94,91,9,41,0
Ruth Lewis,41,62,8,33,0
Anna Robinson,68,44,83,16,0
William Rivera,67,24,19,44,0
Robert Thompson,13,69,45,49,0
Linda Williams,35,79,44,72,0
Charles Brown,15,48,58,20,0
Anna Williams,90,6,7,91,0
James Lewis,67,62,11,47,0
David Lee,66,5,19,89,0
Ronald Nelson,41,6,17,67,0
John Evans,40,81,6,59,0
Sandra Miller,75,34,13,22,0
Helen Smith,44,22,69,48,0
Amy White,0,96,9,63,0
Ronald Lewis,43,78,92,20,0
James Davis,92,23,30,24,0
Laura Green,84,72,17,50,0
Sandra Green,6,47,95,34,0
Nicholas Miller,42,20,96,70,0
George Flores,97,76,15,33,0
Ruth Wilson,78,45,45,61,0
Edward Lewis,8,39,30,28,0
Nancy Adams,89,11,81,58,0
David Thompson,51,92,25,94,0
Daniel Williams,73,51,54,40,0
Jane White,81,53,51,19,0
Sarah Gomez,5,52,95,44,0
Kevin Wilson,98,97,24,100,0
Robert Williams,88,10,63,18,0
Charles Martin,49,62,56,7,0
Nancy Young,24,55,95,72,0
Jane Hernandez,80,77,26,29,0
George Hall,40,99,13,9,0
Kimberly Garcia,71,88,83,33,0
Edward Green,61,61,14,51,0
Kimberly Wright,46,31,70,15,0
Sandra Jones,74,78,33,19,0
Ashley Jackson,45,61,62,54,0
Charles Martinez,74,6,76,37,0
Andrew Johnson,7,24,7,15,0
Chris Rodriguez,78,82,48,1,0
Michael Martin,64,73,32,80,0
Joseph Carter,42,18,0,7,0
Anna Nelson,1,56,67,50,0
Linda Young,76,68,36,48,0
William Taylor,37,17,24,40,0
Shirley Lee,83,63,16,64,0
Betty Green,32,40,34,60,0
Mary Hill,93,10,68,62,0
David Nelson,10,79,4,47,0
Betty Carter,37,55,22,34,0
Shirley Evans,96,70,37,78,0
Jessica Wright,72,73,61,47,0
Jacob Hall,82,7,63,57,0
Nancy Allen,84,16,94,16,0
David Jackson,46,22,24,100,0
Sarah Adams,89,81,33,47,0
Kevin Evans,45,53,63,98,0
Robert King,91,77,8,62,0
Jessica Jones,68,84,12,58,0
Karen Clark,29,66,32,72,0
Daniel Smith,14,4,93,82,0
Karen Evans,74,0,45,44,0
Charles Hall,87,5,30,59,0
Helen Miller,54,30,22,38,0
Patricia Anderson,74,60,81,49,0
Lisa Phillips,94,65,65,97,1
Kevin Hall,7,15,70,27,0
Nicholas Young,37,49,65,49,0
Edward Rodriguez,80,41,54,40,0
Kimberly Lee,25,55,99,96,0
Ryan Martinez,21,58,82,75,0
Edward Jackson,78,13,59,27,0
Michael Martin,15,87,27,21,0
Anna Evans,96,89,41,63,0
Nancy Smith,20,77,13,69,0
George Young,97,69,67,88,1
George Gomez,30,70,56,59,0
Michael Brown,33,43,26,74,0
Joseph Nguyen,60,73,88,81,1
Matthew Roberts,85,31,5,16,0
David Johnson,34,75,21,93,0
Helen Carter,35,74,70,56,0
Jessica Rodriguez,8,29,47,85,0
Jacob White,35,17,87,93,0
Megan Martin,4,99,96,6,0
Sarah Green,25,84,86,18,0
Sarah Robinson,3,27,69,36,0
Anthony Walker,8,11,70,40,0
Ashley Flores,62,94,9,84,0
Robert Rivera,65,95,27,79,0
Andrew Johnson,15,58,48,58,0
Andrew Adams,29,78,11,7,0
Brian Moore,84,77,62,0,0
Sarah Miller,13,34,65,75,0
Ryan Taylor,72,7,7,89,0
Jessica Scott,20,26,86,12,0
Dorothy Moore,70,78,82,14,0
Chris Taylor,66,38,44,51,0
Jane Robinson,47,89,69,77,0
Barbara Rodriguez,25,84,16,53,0
Patricia Campbell,34,61,51,45,0
Lisa Green,56,50,44,75,0
Nancy King,99,100,1,94,0
William Roberts,94,18,98,83,0
Laura Williams,31,20,5,38,0
Jessica Walker,6,60,10,47,0
Jessica Smith,91,8,100,41,0
John Martin,35,22,40,84,0
Ryan Wright,60,78,27,49,0
Emily Brown,22,21,19,72,0
James Clark,29,97,20,59,0
Chris Wilson,46,71,27,90,0
Ruth Brown,78,66,52,24,0
Thomas Baker,61,70,18,12,0
Betty Hall,97,47,22,21,0
Nancy Hall,0,84,49,99,0
Robert Martin,43,63,46,99,0
Laura Roberts,9,40,72,80,0
Betty Martinez,35,78,31,31,0
Barbara Adams,90,92,90,12,0
Mary Phillips,30,78,49,28,0
Linda Hernandez,80,63,32,72,0
Dorothy Lewis,25,21,16,100,0
James Scott,69,28,33,57,0
Linda Hill,64,14,94,69,0
Shirley Martinez,59,4,77,85,0
Daniel Wright,94,93,86,60,1
Ronald Rodriguez,34,55,79,12,0
Joseph Lee,4,86,43,20,0
Anthony Young,32,5,45,50,0
Matthew Torres,0,97,35,75,0
John Thompson,0,17,22,86,0
Barbara Hernandez,67,54,32,13,0
Ryan Clark,55,32,12,15,0
Dorothy Evans,57,21,82,35,0
Helen Young,43,99,68,21,0
Patricia Lewis,64,19,89,80,0
Sandra Gomez,80,88,22,25,0
James Taylor,86,80,11,48,0
Helen Adams,24,50,3,49,0
Nancy Garcia,74,63,64,77,1
Michael Hill,54,37,1,100,0
Brian Brown,4,51,86,62,0
Ronald Johnson,100,77,88,96,1
Daniel Smith,57,41,17,65,0
Joseph Campbell,75,74,52,22,0
Sarah King,94,88,54,25,0
Matthew Anderson,86,92,0,28,0
Robert Lewis,76,25,77,85,0
Kevin Robinson,56,64,76,23,0
Jessica Baker,51,48,9,14,0
Ryan Hernandez,96,57,97,1,0
Anna Martinez,28,96,62,5,0
Anthony Garcia,26,71,99,35,0
William Allen,37,36,28,24,0
Sandra Roberts,23,65,3,68,0
Barbara Hall,23,84,7,9,0
Charles Scott,87,89,54,93,0
Betty Taylor,67,6,9,87,0
Emily Gomez,62,40,0,43,0
George Miller,92,63,15,38,0
Anna Campbell,3,1,80,16,0
Shirley Flores,88,33,7,77,0
Nicholas Johnson,60,25,96,100,0
Chris Adams,39,28,10,63,0
Ruth Lee,27,83,9,6,0
Charles Martin,80,18,9,35,0
Anthony Smith,59,8,60,7,0
Sandra Martin,67,100,75,43,0
Kevin Jones,39,19,15,96,0
Michael Hernandez,80,100,17,66,0
Barbara Phillips,94,49,71,92,0
Kimberly Campbell,67,72,65,30,0
Barbara Green,54,41,4,90,0
Daniel Anderson,15,59,73,14,0
Nicholas Jackson,30,76,68,54,0
Betty Hall,37,31,68,24,0
Charles Garcia,19,21,24,33,0
Mark Miller,77,83,74,9,0
Kimberly Flores,74,4,86,17,0
Ashley White,52,72,24,95,0
Daniel Hall,93,26,85,99,0
Laura Jones,8,34,15,72,0
Shirley Nguyen,79,75,48,76,0
Kimberly Brown,87,20,11,9,0
Michael Torres,57,24,34,12,0
Brian Wilson,85,94,35,65,0
Sandra Smith,46,83,51,1,0
Joseph Wright,49,61,96,52,0
Chris Johnson,81,45,88,98,0
Charles Wright,51,98,76,67,0
Kimberly Adams,18,94,67,21,0
Jessica Carter,88,88,80,74,1
William Thomas,91,41,8,3,0
Sarah Scott,25,11,72,4,0
Nancy Hill,43,10,7,49,0
Nancy Taylor,60,22,26,88,0
Andrew Nelson,84,63,12,34,0
Edward Hill,2,46,9,95,0
Ashley Miller,45,80,48,53,0
Chris Hill,41,50,86,18,0
Jacob Taylor,84,74,22,40,0
Anna Wilson,22,65,38,35,0
Thomas Clark,47,71,32,98,0
Brian Williams,63,87,45,88,0
Jessica Roberts,43,79,23,94,0
Helen Adams,59,41,21,32,0
Sarah Thompson,51,1,10,24,0
John Taylor,24,61,33,17,0
Shirley Moore,98,8,75,36,0
George Rivera,82,70,5,6,0
John Mitchell,57,78,26,71,0
Chris Jones,80,45,73,9,0
Megan Campbell,34,23,18,11,0
Jessica Adams,23,81,81,27,0
Shirley Jones,56,78,79,52,0
Thomas Young,38,64,72,40,0
Megan Gomez,55,64,69,6,0
Charles Thompson,87,17,65,81,0
Linda Johnson,46,90,79,21,0
Dorothy Johnson,35,25,82,53,0
Amy Garcia,40,65,65,72,0
Helen Clark,64,95,59,62,0
George Thomas,92,65,41,8,0
Betty Walker,38,60,60,28,0
Edward Harris,87,50,26,38,0
John Torres,34,97,29,52,0
Jacob Mitchell,27,20,92,70,0
Daniel Campbell,39,86,97,73,0
Jessica Miller,34,20,84,33,0
Ashley Allen,29,48,30,27,0
James Nguyen,98,13,8,67,0
George Thomas,35,68,100,9,0
Betty Miller,94,51,58,78,0
Ruth Lee,8,86,7,66,0
Nancy Jones,69,93,92,23,0
William Carter,22,36,97,1,0
Linda Evans,77,38,68,61,0
David Brown,11,4,85,20,0
Daniel Baker,13,90,61,14,0
Robert Moore,75,97,72,15,0
Chris Johnson,74,69,37,98,0
Jacob Evans,17,93,9,67,0
Nancy Hill,0,2,35,4,0
Daniel Anderson,60,18,40,91,0
Ruth Green,15,21,98,4,0
Matthew Anderson,9,81,21,39,0
Ryan Clark,54,66,0,52,0
Jane Roberts,95,5,8,18,0
Betty Mitchell,19,75,72,64,0
Mark Wilson,96,24,78,46,0
Ryan Harris,93,11,20,75,0
Laura Carter,82,86,76,8,0
Mary Harris,52,58,23,20,0
Ronald Williams,54,80,84,83,0
Shirley Nguyen,82,64,8,32,0
Edward Torres,91,26,62,91,0
Nancy Smith,37,97,94,78,0
Sandra Lee,80,42,20,46,0
Anthony Brown,29,100,57,99,0
Matthew Baker,12,72,75,47,0
Helen Lee,9,59,75,34,0
Sarah Thomas,52,35,29,28,0
Michael Martin,37,7,9,32,0
Matthew Wright,46,77,60,78,0
Joseph Carter,15,2,48,28,0
Mark Anderson,17,86,13,57,0
Dorothy Wright,20,39,100,76,0
Daniel Davis,52,53,95,63,0
Andrew Hall,54,42,76,63,0
Deborah Hernandez,73,58,55,84,0
Sarah Anderson,15,51,51,34,0
Jessica Anderson,33,36,84,71,0
Michael Jones,24,49,40,1,0
John Young,29,60,46,8,0
Anthony Williams,37,90,76,15,0
Edward Williams,68,47,88,24,0
Ruth Hall,59,91,94,54,0
Lisa Nelson,97,57,55,30,0
Nicholas Hill,29,42,43,12,0
Ronald Miller,68,11,7,20,0
William Phillips,30,45,51,2,0
Jessica Thompson,53,94,36,72,0
Megan Smith,40,46,74,9,0
John Rodriguez,88,95,45,0,0
Mary White,22,13,34,87,0
Jacob Harris,9,85,13,59,0
Barbara Green,89,52,92,36,0
Ruth Carter,11,19,90,29,0
Robert Thomas,64,55,41,71,0
Kimberly Taylor,86,82,18,26,0
Jane Miller,56,88,7,55,0
Deborah King,30,69,93,85,0
David Brown,67,54,74,22,0
Nicholas Green,21,82,40,24,0
Amy Taylor,86,4,0,35,0
Ruth Martin,35,46,25,13,0
Nicholas Thompson,68,88,10,73,0
Mark Martinez,2,36,99,57,0
John Wright,66,44,66,10,0
Deborah Hernandez,10,61,58,28,0
Robert Taylor,68,34,51,32,0
Kevin Hill,44,70,61,86,0
Ryan Hill,16,22,47,48,0
Kevin Adams,66,80,81,91,1
Mary Miller,20,0,95,70,0
Patricia Smith,28,67,84,53,0
Amy Carter,42,44,20,45,0
Emily Johnson,52,9,37,48,0
Edward Clark,83,55,65,22,0
George Wilson,94,26,99,42,0
Anna Roberts,54,2,72,23,0
Ashley Wright,87,70,92,42,0
Karen Hall,47,23,26,46,0
Ashley Hernandez,98,81,52,25,0
Anna Hall,24,9,73,89,0
Nancy Carter,68,7,43,71,0
Jacob Rodriguez,74,74,78,29,0
Daniel Phillips,66,67,4,82,0
Jacob Evans,37,8,57,91,0
Deborah Martin,7,89,71,46,0
Mark Adams,91,85,93,22,0
Emily Phillips,0,81,76,25,0
Joshua Thompson,22,60,49,70,0
Daniel Martin,25,5,37,55,0
Amy Roberts,1,9,15,53,0
Ruth King,27,5,57,52,0
Megan Green,42,76,68,27,0
Amy Jones,41,28,20,44,0
Andrew Mitchell,35,80,94,3,0
Andrew Williams,28,82,16,82,0
Barbara Nguyen,2,5,19,46,0
Chris Davis,89,75,70,9,0
Ashley Flores,72,7,15,61,0
Jacob Gomez,40,13,87,35,0
Ronald Carter,84,87,38,13,0
Matthew Campbell,68,7,55,70,0
Mary King,3,66,37,84,0
David Garcia,77,72,57,0,0
Barbara Hall,6,42,36,92,0
Mark Allen,0,10,99,7,0
Brian Smith,26,13,62,59,0
Jessica Green,18,82,59,93,0
Kimberly Campbell,15,14,41,93,0
Lisa Williams,20,97,4,53,0
Ashley Moore,55,49,67,0,0
Lisa Wright,38,74,90,62,0
Helen King,74,36,98,76,0
Emily Hernandez,41,100,85,40,0
Joshua Hill,55,48,25,24,0
Megan Walker,57,82,79,61,0
Joseph Miller,84,80,29,91,0
Nancy Hall,71,0,61,76,0
Daniel Hall,22,23,1,2,0
Ronald Phillips,51,59,90,61,0
Ryan Gomez,6,25,83,96,0
Kevin Adams,6,75,56,4,0
Anna Williams,24,59,37,42,0
James Harris,31,94,48,59,0
Mark Wright,81,90,96,94,1
Andrew Evans,72,26,21,20,0
Daniel Robinson,93,48,4,52,0
Nancy Wilson,37,20,26,54,0
Sarah Thomas,70,0,89,68,0
Anthony Young,78,89,20,34,0
Jane Garcia,49,21,53,89,0
Robert Harris,73,72,38,45,0
David Hill,21,74,93,45,0
Nancy Campbell,75,79,1,14,0
Sarah Rodriguez,67,52,52,6,0
Anthony Walker,11,94,1,64,0
Ryan Green,0,65,3,15,0
George Wright,32,58,14,42,0
Deborah Carter,42,75,95,39,0
Nancy Evans,16,91,44,73,0
George Roberts,25,19,32,51,0
Ruth Thompson,31,20,93,79,0
Lisa Baker,70,43,66,71,0
William Thomas,97,35,12,66,0
Ronald Green,35,92,11,24,0
Sarah Gomez,91,53,92,76,0
Charles Hall,26,90,4,45,0
Chris Harris,93,52,0,59,0
Deborah Garcia,4,1,66,16,0
Patricia Harris,52,0,56,70,0
Anna Nelson,24,41,21,53,0
Shirley Young,51,49,55,92,0
Brian Harris,34,87,94,85,0
Mark Hall,81,64,4,70,0
Robert Wilson,3,33,75,1,0
Helen Lewis,49,92,95,56,0
Jacob Hernandez,65,80,29,72,0
Mary Flores,52,23,45,4,0
Daniel Lewis,76,91,25,8,0
George Roberts,89,72,30,4,0
Ashley Anderson,20,41,95,30,0
Ruth Johnson,99,42,96,78,0
Helen Clark,32,70,45,81,0
Kimberly Clark,22,98,1,17,0
George White,53,28,30,65,0
Ryan Evans,93,92,26,8,0
Sarah Thomas,71,33,65,7,0
Michael Lee,62,9,64,39,0
Anthony Clark,15,46,49,20,0
David Gomez,86,1,96,25,0
Betty Johnson,28,38,14,99,0
Ruth Lewis,30,40,86,21,0
Karen Torres,13,11,85,86,0
Jane Clark,12,56,90,3,0
Edward Nelson,47,74,28,88,0
Anna King,19,42,75,12,0
William White,69,5,62,41,0
George Thomas,85,46,14,80,0
Shirley Gomez,80,32,24,11,0
Emily Rivera,54,90,57,34,0
Sandra Thomas,52,84,30,75,0
George Brown,94,24,11,61,0
James Jackson,20,93,89,69,0
Edward Jones,51,41,55,72,0
Betty Miller,100,4,12,39,0
Jacob Young,64,94,37,1,0
Megan Phillips,92,58,89,78,0
Shirley Robinson,62,27,61,43,0
Karen Anderson,66,15,54,38,0
Kimberly Walker,35,22,30,73,0
Anna Roberts,34,13,13,62,0
Kevin Scott,3,94,8,37,0
Karen Rivera,80,40,27,58,0
Mark Lewis,38,15,49,13,0
George Mitchell,81,86,14,57,0
Daniel Walker,47,59,28,37,0
Robert Roberts,2,93,95,51,0
Nicholas Williams,55,10,43,63,0
Robert Mitchell,32,11,49,30,0
Thomas Campbell,11,10,57,11,0
Joseph Anderson,52,3,8,41,0
Thomas Hall,86,19,62,22,0
Charles Moore,96,53,54,85,0
Charles Young,65,9,25,34,0
James Baker,15,85,72,53,0
Ruth Young,76,5,52,16,0
Deborah Flores,0,78,57,97,0
Ruth Jones,89,89,3,93,0
Robert Anderson,83,7,99,26,0
Ashley Anderson,50,55,47,87,0
Lisa Anderson,26,55,26,40,0
Robert Williams,34,41,58,69,0
Ruth Evans,56,59,89,51,0
Charles Hall,73,57,34,14,0
Joseph Scott,23,64,2,57,0
Ruth Nguyen,26,96,30,72,0
Linda Nguyen,87,64,41,24,0
Dorothy Martin,6,27,81,23,0
Ronald Johnson,63,34,96,97,0
Nancy Mitchell,75,63,42,44,0
Patricia Smith,98,38,82,63,0
Joseph Wright,62,80,32,28,0
Lisa Walker,4,80,28,85,0
Mary Martin,85,19,99,19,0
William Roberts,95,98,12,2,0
Edward Baker,54,93,19,23,0
Patricia Thompson,0,21,59,22,0
Kimberly Lewis,67,79,40,36,0
William Campbell,30,26,6,19,0
Amy Johnson,31,41,52,60,0
Sandra Lee,2,69,5,22,0
Sandra Roberts,42,60,42,69,0
Kimberly Green,8,75,46,5,0
Jessica Phillips,10,69,51,19,0
Mark Garcia,63,36,96,48,0
Jessica Jackson,72,67,62,58,0
John Thomas,100,95,79,39,0
Jessica Taylor,27,85,70,21,0
Jessica Jackson,39,77,37,71,0
Amy Lee,70,0,91,71,0
Daniel Garcia,99,0,96,19,0
Sandra Nelson,47,30,27,76,0
Amy Gomez,23,13,58,11,0
John Martinez,60,7,75,83,0
Ronald Nelson,27,27,58,94,0
Edward Davis,22,82,73,59,0
Emily Walker,49,13,70,50,0
Jacob Young,66,54,12,27,0
Mark Hall,87,98,6,71,0
Anthony Lewis,22,94,51,27,0
Matthew White,87,99,61,10,0
Daniel Campbell,84,55,95,49,0
Daniel Smith,31,79,84,14,0
Thomas Johnson,24,3,31,21,0
Joshua Wright,76,65,59,44,0
Brian Scott,67,8,86,4,0
Linda Gomez,26,37,52,62,0
Ryan Green,29,98,94,92,0
Michael Moore,85,70,95,64,1
Mary Johnson,90,92,96,50,0
Ryan Anderson,75,4,35,12,0
Betty Anderson,9,19,92,19,0
Helen Martinez,68,37,72,7,0
Ruth Gomez,32,18,1,22,0
Matthew Miller,86,13,57,96,0
Sarah Allen,87,24,58,64,0
Karen Campbell,94,18,79,57,0
Patricia Hall,44,99,78,54,0
Nancy Green,93,44,5,53,0
Joshua Torres,2,21,40,20,0
Jessica King,43,86,80,66,0
David Lewis,88,18,9,6,0
Ashley Williams,87,65,36,85,0
Thomas Williams,89,20,63,63,0
Charles Brown,81,20,96,68,0
Ruth Nelson,37,22,73,82,0
Helen Williams,73,39,58,26,0
Jessica Martinez,41,96,24,22,0
Charles Anderson,94,49,3,15,0
Jessica Hall,45,34,55,58,0
Kevin Nelson,99,40,91,4,0
William Gomez,63,45,23,56,0
Helen Wright,58,47,92,79,0
Michael Green,3,61,84,31,0
Jane Moore,64,87,46,48,0
Emily Green,41,13,65,85,0
Amy Harris,14,18,17,63,0
George Rodriguez,81,36,55,48,0
Betty Wright,25,55,13,15,0
Jacob Jackson,91,30,40,45,0
Sandra Martinez,47,42,14,42,0
Jessica Lewis,34,16,2,15,0
Edward Thompson,95,51,62,62,0
Robert Carter,6,21,27,25,0
Lisa King,41,15,6,36,0
Linda Clark,94,92,97,33,0
Nancy Scott,44,72,85,56,0
Barbara Lee,76,43,23,8,0
Sandra Taylor,47,6,67,5,0
Ronald Harris,92,55,21,67,0
Ryan Smith,46,2,7,37,0
Kimberly Davis,37,13,7,57,0
Sandra Green,17,14,90,66,0
Ashley Martinez,17,56,61,39,0
Mary Clark,18,10,54,37,0
Kimberly Hernandez,55,67,91,94,0
Sandra Williams,33,83,22,80,0
Nancy Gomez,68,92,55,31,0
Laura Rivera,3,62,67,87,0
Mary Baker,3,46,94,77,0
Kimberly Hernandez,82,34,36,62,0
Joshua Rivera,8,20,79,84,0
Thomas Torres,79,47,84,96,0
Kevin Flores,16,12,7,21,0
Jane Garcia,91,78,47,35,0
Joseph Lewis,99,10,90,57,0
Sarah Scott,5,96,27,20,0
James Carter,15,98,59,69,0
Dorothy Lee,66,75,25,50,0
Emily Brown,95,42,87,90,0
Betty Rivera,38,18,41,27,0
Brian Thomas,54,82,77,91,0
Amy Gomez,26,35,88,64,0
William White,77,99,36,74,0
Nancy Evans,68,2,60,94,0
Thomas Martin,80,91,79,43,0
Deborah Adams,57,50,71,95,0
Ruth White,50,48,3,76,0
William Martin,81,59,54,0,0
David Nguyen,84,91,31,68,0
Thomas Harris,56,25,31,90,0
Sandra Moore,67,100,34,63,0
Jessica Adams,51,18,4,62,0
Emily Jones,92,15,46,88,0
David Scott,56,21,81,66,0
Edward Harris,3,11,45,9,0
Daniel Flores,7,17,14,40,0
Jessica Carter,26,80,84,95,0
Andrew Walker,71,58,76,22,0
Helen Adams,44,5,30,37,0
Ashley Gomez,64,88,41,69,0
Robert King,62,46,92,100,0
Emily Taylor,61,68,85,76,1
Shirley Williams,96,70,22,22,0
William Davis,34,23,49,95,0
Jessica Hall,9,81,5,96,0
William Miller,94,88,94,42,0
Kevin Allen,4,50,58,6,0
Deborah Garcia,74,43,53,76,0
Anthony Williams,7,23,20,30,0
Patricia Rodriguez,12,74,96,79,0
Charles Smith,80,90,5,38,0
Jessica Thomas,59,30,26,37,0
Ashley Davis,98,64,58,36,0
Anna Taylor,54,36,52,56,0
Patricia Hall,33,32,23,32,0
David Harris,92,1,62,12,0
Karen Clark,53,0,65,55,0
Amy Harris,26,28,46,17,0
Nancy Davis,33,24,17,44,0
Helen Martin,49,56,90,4,0
Edward Rivera,61,95,89,14,0
Mary Clark,31,41,86,4,0
Anna Thomas,9,30,59,70,0
Linda Anderson,18,36,79,66,0
Nancy Mitchell,50,70,54,74,0
Amy Flores,6,91,63,64,0
David Flores,61,37,77,25,0
Ryan Roberts,69,78,48,5,0
Charles Martin,44,12,55,89,0
Shirley Lewis,69,59,1,70,0
Kevin Mitchell,31,1,92,28,0
Andrew Young,73,24,65,31,0
Deborah Lee,34,57,18,98,0
Chris Allen,70,27,57,82,0
Karen Smith,18,53,56,33,0
Patricia Moore,5,45,41,54,0
Daniel Rivera,89,82,19,1,0
Jessica Carter,86,47,97,48,0
Linda Mitchell,70,13,92,54,0
Anna Rivera,94,97,23,39,0
Jane Smith,80,49,8,49,0
Chris Thompson,69,35,82,63,0
Deborah Robinson,46,55,70,18,0
Karen Wright,8,12,40,96,0
Jane Harris,55,15,16,2,0
Ronald Johnson,27,85,0,22,0
David Martinez,13,92,40,31,0
Jane Anderson,49,22,84,47,0
Kevin Campbell,19,25,93,15,0
Brian Campbell,49,73,95,17,0
Michael Martin,25,97,28,49,0
Sandra Green,45,81,11,42,0
Barbara Wilson,78,17,5,12,0
Kevin Clark,14,82,2,67,0
Kevin Thompson,27,44,20,39,0
Deborah Hill,52,93,7,19,0
Karen Jones,96,67,67,65,1
Karen Martinez,6,6,25,21,0
Karen Brown,18,67,14,22,0
Matthew Brown,22,21,81,100,0
William Rivera,23,77,52,59,0
Shirley Wilson,78,88,22,39,0
Andrew Garcia,96,48,12,70,0
Charles Evans,83,23,16,72,0
Daniel Clark,96,95,76,98,1
Helen Robinson,60,1,93,47,0
Lisa Mitchell,70,95,13,88,0
Thomas Baker,87,78,7,51,0
Dorothy Smith,46,18,58,71,0
Kimberly Hernandez,72,0,36,98,0
Nancy Hernandez,19,74,53,78,0
David Martinez,27,11,81,84,0
Amy Williams,38,95,68,66,0
James Young,93,43,73,48,0
Jacob Rodriguez,20,30,25,0,0
Betty Moore,11,38,13,26,0
Shirley Hall,10,64,12,15,0
Patricia Anderson,32,89,72,32,0
Jessica Moore,30,95,9,38,0
Jane Moore,92,64,27,51,0
Joseph Anderson,15,90,0,35,0
Amy Thompson,97,3,64,86,0
Joseph Adams,61,77,38,53,0
Matthew Anderson,89,72,35,100,0
Edward Adams,8,21,85,77,0
Jane White,60,19,15,49,0
Joshua Garcia,23,57,35,1,0
Deborah Allen,2,23,49,86,0
Charles Young,52,54,73,75,0
George Roberts,16,41,0,100,0
Kevin Walker,53,55,59,15,0
Jane Jackson,78,72,9,8,0
Patricia Jackson,34,73,18,73,0
Amy King,67,86,4,71,0
Jessica Walker,20,26,5,34,0
John Clark,83,68,65,74,1
Charles Hernandez,37,74,18,30,0
John Evans,67,11,10,97,0
William Hill,61,67,44,28,0
Kevin Thompson,7,39,28,15,0
Sandra Jones,70,1,1,22,0
Joshua Anderson,32,100,89,8,0
Andrew Carter,58,20,80,21,0
Joshua Walker,4,21,60,64,0
David Gomez,57,18,42,70,0
Jacob Evans,74,56,89,48,0
Jacob Rivera,42,94,74,17,0
Nancy Harris,33,25,85,7,0
Helen Jackson,50,42,29,67,0
David Young,28,14,96,59,0
James Davis,32,82,83,67,0
Joseph Thompson,21,80,23,87,0
Ashley Jones,48,80,19,40,0
Laura Thompson,17,38,73,46,0
Kevin Martin,92,41,59,5,0
Ruth Lee,72,78,77,94,1
Patricia Rodriguez,76,21,17,92,0
Nicholas Green,15,6,9,10,0
Sarah Roberts,84,59,7,51,0
Ashley Brown,0,83,10,55,0
Mary Allen,8,78,4,10,0
Edward Nelson,32,37,89,56,0
Jessica Wright,94,58,32,26,0
Michael Brown,40,10,86,63,0
George Clark,17,58,54,79,0
Charles Robinson,50,4,95,54,0
Daniel Hernandez,17,44,28,70,0
Amy King,92,52,100,52,0
Emily Evans,20,54,74,51,0
Robert Gomez,76,51,8,50,0
Kevin Adams,7,56,96,76,0
Laura Moore,39,100,12,82,0
Andrew Flores,9,90,94,2,0
Daniel Lee,37,46,90,34,0
Emily Gomez,74,18,56,56,0
Megan Gomez,71,60,5,61,0
Laura Harris,28,63,59,89,0
Kimberly Lee,22,75,1,77,0
Daniel Wright,51,69,53,90,0
Ryan Rivera,64,62,81,21,0
Chris Lee,17,25,85,56,0
David Mitchell,73,15,76,23,0
Jessica Anderson,88,82,33,16,0
Amy Young,49,15,99,51,0
Deborah Moore,66,77,84,85,1
Thomas Mitchell,40,0,5,54,0
Michael Rodriguez,28,75,97,70,0
Lisa Miller,6,50,100,26,0
Daniel Miller,1,20,76,60,0
Megan Thompson,81,98,67,78,1
Helen Evans,36,76,22,2,0
Kevin Adams,78,1,38,97,0
James Allen,69,59,81,100,0
Ruth Jackson,1,34,22,71,0
Mary Rodriguez,73,2,92,82,0
Megan Nguyen,88,70,98,87,1
Laura Evans,75,23,9,63,0
David Nguyen,52,37,75,0,0
Sandra Hernandez,29,2,93,85,0
Charles Green,78,50,26,14,0
John Torres,74,66,35,18,0
Mark Martinez,36,2,98,85,0
Kevin Brown,88,54,28,14,0
Emily Brown,19,39,86,45,0
Lisa Torres,6,60,47,89,0
David Campbell,40,77,100,40,0
Helen Williams,25,39,2,42,0
Sandra Moore,54,18,47,28,0
Ryan Hill,94,82,53,13,0
Mark Mitchell,68,34,64,62,0
Betty Taylor,63,10,34,93,0
Mark Jackson,0,18,77,46,0
Jacob Young,4,87,23,4,0
Sandra Smith,5,53,49,72,0
Daniel Baker,96,42,33,63,0
Sarah Baker,14,34,2,51,0
Thomas Martin,99,55,42,6,0
Karen Rodriguez,4,74,44,29,0
Andrew Taylor,15,27,6,18,0
Megan Allen,4,25,88,18,0
Dorothy Wilson,38,52,74,44,0
Chris Nguyen,50,17,93,99,0
Nicholas Baker,75,3,96,59,0
Dorothy Clark,3,79,66,84,0
Kimberly Rivera,91,17,19,66,0
Matthew Harris,91,35,44,40,0
Nicholas Flores,26,46,10,84,0
Ryan Roberts,0,42,60,72,0
Jessica Baker,86,46,44,60,0
Mark Roberts,28,71,90,59,0
Mark Martinez,79,73,5,42,0
Daniel Anderson,27,27,95,93,0
John Young,93,50,91,64,0
Lisa Hernandez,68,88,46,61,0
Megan Martinez,52,31,64,26,0
Linda Smith,26,32,26,9,0
Daniel Hall,32,28,2,30,0
Kimberly Mitchell,96,78,59,28,0
Kevin Jackson,63,98,92,92,1
Chris Green,52,34,68,59,0
Joseph Scott,5,9,15,27,0
Linda Phillips,45,98,64,43,0
James Green,72,10,52,41,0
Mary Miller,26,38,25,15,0
Ryan Williams,65,61,59,26,0
Daniel Williams,85,69,71,75,1
Jacob Clark,92,61,46,69,0
Sandra Nelson,98,51,49,71,0
Patricia White,22,27,71,30,0
James Allen,77,15,85,68,0
Brian Campbell,71,80,63,0,0
Deborah Johnson,56,54,81,50,0
George Rodriguez,39,85,18,95,0
Anthony Carter,42,40,40,27,0
Brian Johnson,100,99,99,31,0
Laura Allen,16,14,31,79,0
Mary Hall,71,86,39,37,0
Megan Hernandez,43,6,82,52,0
Jessica Williams,3,3,52,42,0
Nancy Hall,19,58,22,78,0
Linda Robinson,17,94,21,27,0
Edward Anderson,77,92,85,0,0
Shirley Green,79,53,17,53,0
Shirley Garcia,17,14,33,68,0
Megan Torres,48,20,92,24,0
Betty Phillips,34,78,77,10,0
Karen Harris,70,7,44,57,0
John Jackson,27,4,98,62,0
Joshua Green,57,97,32,63,0
Betty Garcia,59,95,44,71,0
Thomas Lee,64,49,47,66,0
Deborah Young,26,19,12,74,0
Jessica King,85,86,96,16,0
Andrew Martinez,49,83,87,62,0
Joseph Taylor,2,89,14,29,0
Nicholas Walker,70,77,45,15,0
Anna Martin,93,75,89,28,0
Jacob Lewis,9,59,97,95,0
Edward Wilson,18,58,95,88,0
Thomas White,19,21,86,70,0
Ruth Flores,6,98,43,74,0
Sarah Rivera,67,83,18,86,0
James Taylor,48,81,12,34,0
Nancy Scott,29,88,86,51,0
Jane Jones,63,15,16,94,0
Robert Robinson,63,77,91,22,0
Sandra Nguyen,13,79,92,60,0
Jacob Garcia,73,62,53,21,0
Ruth Williams,85,100,19,28,0
Shirley Carter,85,54,23,30,0
Linda Jackson,27,79,70,95,0
Betty Lee,36,57,37,92,0
Jacob Jackson,5,95,17,97,0
Kimberly Lewis,61,60,42,49,0
Joseph Nelson,80,64,38,9,0
Anthony Hill,78,53,13,70,0
Lisa Baker,67,72,26,44,0
David Taylor,30,32,23,38,0
Nancy Martin,7,38,9,39,0
Barbara Wright,15,73,93,3,0
Mary Taylor,44,63,65,66,0
Kevin Gomez,51,7,43,94,0
Barbara Hernandez,43,5,60,69,0
Matthew Mitchell,20,33,89,73,0
Amy Wright,91,42,61,0,0
Mark Wright,84,24,85,16,0
Ashley Carter,41,63,65,2,0
Sandra Adams,87,53,27,58,0
Nancy Hall,27,98,28,31,0
Anthony Mitchell,48,47,58,52,0
Mark Hernandez,2,36,86,75,0
Amy Jones,62,61,57,56,0
Helen White,50,15,92,65,0
Brian Phillips,78,13,88,12,0
Daniel Roberts,89,49,9,42,0
Lisa Baker,31,70,7,75,0
Lisa Young,16,98,22,31,0
Nicholas Lee,3,51,86,63,0
Daniel Davis,66,60,63,42,0
Ronald Miller,23,65,75,64,0
Thomas Thomas,20,78,61,63,0
Emily Lee,10,36,15,44,0
Sarah Young,30,74,88,75,0
Michael Walker,86,94,99,45,0
Lisa Young,91,2,74,59,0
Mary Martin,100,38,29,30,0
Patricia Phillips,27,37,79,94,0
Linda Allen,82,100,46,80,0
Jane Hill,25,22,62,46,0
Jessica Carter,25,44,30,43,0
Helen Rivera,76,72,90,3,0
Deborah Taylor,6,50,27,85,0
Anthony Allen,65,15,25,82,0
Jacob Hall,65,40,98,49,0
James Torres,50,1,3,88,0
James White,36,50,90,94,0
Emily Carter,13,41,82,100,0
Daniel Adams,88,71,11,78,0
Linda Lewis,14,9,12,33,0
Mark Rodriguez,61,3,13,82,0
Jessica Robinson,86,13,98,15,0
Jessica Anderson,10,64,18,99,0
Jacob White,81,90,72,11,0
Jessica Roberts,92,56,67,7,0
Nancy Campbell,14,30,31,23,0
Kimberly Moore,76,99,91,94,1
Karen Taylor,2,83,57,18,0
Matthew Miller,7,55,57,32,0
Daniel Thomas,85,79,28,45,0
Linda Lee,20,14,94,94,0
Anna Anderson,77,61,93,24,0
Edward Taylor,82,67,73,33,0
Jessica Baker,21,58,79,73,0
Anthony Flores,61,80,47,21,0
Megan Taylor,93,92,64,43,0
Edward Lee,74,41,91,46,0
Nicholas Mitchell,21,48,40,63,0
Sandra Hall,26,58,56,75,0
Megan Lee,4,80,68,80,0
James Williams,17,50,39,14,0
Megan Thomas,91,72,9,49,0
Helen Green,12,35,86,36,0
Ronald Davis,87,90,98,64,1
Matthew King,46,29,15,72,0
Andrew Hernandez,51,72,82,86,0
Joseph White,50,26,77,54,0
Laura Thompson,48,68,10,88,0
Jane Baker,87,62,55,91,0
Thomas Nguyen,89,29,50,68,0
Ashley Jackson,96,99,39,88,0
Jessica Young,65,28,32,23,0
Joseph Torres,11,61,29,74,0
Mark Thompson,44,99,14,72,0
James Campbell,68,76,50,96,0
Jessica Jackson,34,46,33,89,0
Sarah Adams,18,19,38,43,0
Amy Torres,96,13,99,58,0
Barbara Allen,58,88,24,59,0
Joseph Davis,13,46,48,81,0
Emily Jones,3,98,50,72,0
John Clark,9,14,55,32,0
Ruth Evans,1,18,35,50,0
Michael White,95,29,40,100,0
Mark Carter,77,86,39,61,0
Barbara Moore,61,39,42,40,0
Shirley Jackson,100,20,40,47,0
Thomas Hall,39,21,90,44,0
Daniel Taylor,99,6,32,17,0
Ryan Lewis,33,52,78,70,0
Barbara Nelson,78,38,64,29,0
William Lewis,65,5,16,77,0
Emily Lee,94,49,10,36,0
Amy Rivera,16,94,30,99,0
Linda Carter,81,12,40,89,0
Ronald Scott,49,70,58,29,0
Kimberly Clark,13,13,35,55,0
Joseph Torres,31,5,99,15,0
Sandra Scott,99,26,31,43,0
Mary King,96,62,56,76,0
Edward Nguyen,49,100,65,100,0
Edward White,95,35,6,7,0
Sarah Young,39,34,74,5,0
David Adams,69,23,79,33,0
Daniel Hall,23,84,38,25,0
Michael Evans,37,90,1,33,0
Shirley Thompson,69,39,98,82,0
Michael Rodriguez,10,76,28,1,0
Dorothy Flores,98,21,0,9,0
Patricia Adams,44,68,92,26,0
Ashley Smith,10,59,93,9,0
Nicholas Williams,54,79,26,5,0
Helen Scott,0,41,75,45,0
Daniel Phillips,42,45,26,19,0
Jessica Clark,83,6,99,98,0
Megan Rivera,95,5,97,24,0
Anna Davis,63,99,51,48,0
Daniel Nelson,42,35,37,94,0
Linda Jackson,72,85,6,64,0
Michael Harris,35,36,1,40,0
Anthony Wright,29,20,52,57,0
Ronald Nelson,56,12,49,96,0
Deborah Clark,20,43,44,19,0
Matthew Baker,40,2,23,33,0
Joseph Rodriguez,60,44,81,43,0
Jane Wright,93,38,17,6,0
Shirley Taylor,96,1,50,48,0
John Phillips,3,64,1,99,0
Jane Hernandez,38,27,77,12,0
Sarah Carter,80,6,53,60,0
David Jones,34,18,32,47,0
Mark Anderson,59,95,21,53,0
Dorothy Roberts,100,8,52,15,0
Ruth Lee,27,82,59,11,0
Robert Thomas,70,40,22,52,0
Robert Young,58,70,54,34,0
Karen Walker,41,8,7,33,0
Joseph Green,41,96,76,6,0
Jacob Williams,95,60,33,51,0
Joseph Robinson,97,83,68,32,0
Anna Martinez,81,0,63,12,0
Dorothy Garcia,19,98,30,89,0
Michael Jones,67,71,53,17,0
Deborah Adams,83,30,52,44,0
Sandra Brown,100,67,90,99,1
Jessica Wilson,100,15,55,7,0
Anthony Jones,93,33,66,56,0
Charles Miller,51,71,29,46,0
Edward Allen,91,7,24,88,0
Matthew Phillips,17,89,65,77,0
Barbara Martinez,90,52,90,84,0
Anna Green,42,8,33,60,0
Megan Lewis,72,85,68,72,1
Betty Campbell,7,96,63,75,0
Mark Carter,10,60,25,35,0
Megan Hill,23,5,21,65,0
Karen Wilson,3,86,43,21,0
Ashley Anderson,23,64,64,7,0
James Martinez,31,30,22,21,0
Jessica Garcia,12,91,24,71,0
Daniel Brown,59,44,38,26,0
John Lee,70,70,99,44,0
Daniel Evans,69,89,76,76,1
David Phillips,29,1,48,39,0
Kimberly Nelson,50,38,56,86,0
Emily Hall,100,9,49,73,0
David Thomas,10,71,31,81,0
Helen Phillips,60,100,77,7,0
Betty Wilson,1,1,31,60,0
Jessica Davis,39,95,96,10,0
Anthony Rodriguez,43,22,44,25,0
Sarah Walker,16,14,53,81,0
Matthew Green,52,86,53,81,0
Ashley Gomez,14,20,97,3,0
Michael Hernandez,86,67,94,0,0
Emily Hill,87,54,38,8,0
Patricia Wright,31,74,71,46,0
Lisa Martin,94,10,36,71,0
Ronald King,78,51,41,100,0
Sandra Lee,46,39,82,44,0
John Johnson,46,47,34,39,0
Kimberly Johnson,83,38,8,18,0
James Wright,6,96,43,39,0
Ashley Anderson,75,17,27,90,0
John Roberts,51,37,92,20,0
Nancy Evans,91,81,8,35,0
Helen Thomas,58,54,3,34,0
George Taylor,13,62,19,81,0
Mark Jackson,29,36,44,87,0
Joshua Allen,27,84,68,29,0
Robert Hall,3,9,98,89,0
Jacob Rodriguez,54,22,67,22,0
Nancy Campbell,38,38,55,68,0
Mark Rivera,81,51,96,67,0
Barbara Harris,88,68,99,49,0
Helen Moore,45,63,84,88,0
James Rodriguez,94,67,3,77,0
Nicholas Rivera,95,55,51,1,0
Helen Martinez,61,84,3,60,0
Joshua Allen,9,80,65,86,0
Laura Carter,98,15,50,80,0
Anthony Williams,57,71,82,14,0
Daniel Torres,91,10,1,78,0
Robert Moore,6,21,76,87,0
Jessica Williams,75,12,90,60,0
Dorothy Jones,22,7,18,74,0
Jessica Rodriguez,44,61,75,30,0
Thomas Hill,74,69,96,33,0
Linda Martinez,1,54,91,79,0
Emily Mitchell,7,16,92,17,0
Brian Scott,80,34,74,7,0
William Nelson,19,35,37,82,0
Edward Rodriguez,25,87,34,98,0
Chris Hill,75,70,22,67,0
Joseph Adams,55,84,86,5,0
Betty Garcia,29,65,49,100,0
Edward Roberts,95,89,95,0,0
Megan Taylor,90,51,1,32,0
Jessica Hall,70,39,27,28,0
